"CASE_ID","averNumServiceFamily","averNumHousingFamily","averNumBehaviorFamily","averNumNutritionFamily","averNumMentalFamily"
28892,0.25,0,0,0,0.25
28994,1.75,1,0,0.5,0.25
29003,2.25,0.75,0.25,0.75,0.5
29057,1.14285714285714,0.142857142857143,0.142857142857143,0.571428571428571,0.285714285714286
29128,1,0,0,0.666666666666667,0.333333333333333
29164,1.71428571428571,0.571428571428571,0,0.857142857142857,0.285714285714286
29206,2.33333333333333,0.666666666666667,0.333333333333333,0.666666666666667,0.666666666666667
29350,2.1,0.7,0.4,0.5,0.5
29521,1.66666666666667,0.5,0.166666666666667,0.666666666666667,0.333333333333333
29540,0.909090909090909,0.0909090909090909,0.181818181818182,0.454545454545455,0.181818181818182
29578,2.33333333333333,0.666666666666667,0,1,0.666666666666667
29589,1.72727272727273,0,0.363636363636364,0.818181818181818,0.545454545454545
29594,2,0.4,0.4,0.6,0.6
29646,2.66666666666667,1.16666666666667,0.333333333333333,0.666666666666667,0.5
29666,2,0.444444444444444,0.111111111111111,0.777777777777778,0.666666666666667
29668,3,1.27272727272727,0.363636363636364,0.818181818181818,0.545454545454545
29671,2,0,0,1,1
29679,2.33333333333333,0,0.333333333333333,1,1
29710,2.27272727272727,0.636363636363636,0.0909090909090909,0.818181818181818,0.727272727272727
29734,2,0.625,0.125,0.625,0.625
29901,2.66666666666667,0.666666666666667,0.333333333333333,1,0.666666666666667
29913,1.25,0.5,0,0.5,0.25
29935,3,0.333333333333333,0,1,1.66666666666667
29968,2.125,0.75,0,0.75,0.625
29980,0.555555555555556,0.111111111111111,0.111111111111111,0.333333333333333,0
30096,2.66666666666667,1.33333333333333,0,0.666666666666667,0.666666666666667
30100,2.2,0.4,0.2,1,0.6
30102,2.5,0.75,0,0.875,0.875
30151,2.5,0.5,0.333333333333333,1,0.666666666666667
30163,2.66666666666667,0.666666666666667,0.333333333333333,1,0.666666666666667
30171,2.83333333333333,1,0.333333333333333,1,0.5
30249,1.2,0,0,0.8,0.4
30290,0.4,0,0,0,0.4
30342,3.14285714285714,1.14285714285714,0.428571428571429,1,0.571428571428571
30346,1.5,0,0.25,1,0.25
30368,2.44444444444444,0.555555555555556,0.222222222222222,0.777777777777778,0.888888888888889
30383,1.83333333333333,0.666666666666667,0.166666666666667,0.666666666666667,0.333333333333333
30442,2,0.666666666666667,0.333333333333333,0.666666666666667,0.333333333333333
30444,2.33333333333333,0.916666666666667,0.25,0.833333333333333,0.333333333333333
30452,2.38461538461538,0.692307692307692,0.307692307692308,0.692307692307692,0.692307692307692
30495,3,0.571428571428571,0.428571428571429,1,1
30516,2.66666666666667,1,0,0.666666666666667,1
30572,3,0.75,0.5,1,0.75
30643,2.5,0.5,0.25,1,0.75
30645,1.7,0.5,0.1,0.7,0.4
30648,2.14285714285714,0.714285714285714,0,1,0.428571428571429
30670,2.66666666666667,0.333333333333333,0.666666666666667,1,0.666666666666667
30701,2.14285714285714,1,0.142857142857143,0.714285714285714,0.285714285714286
30737,3.2,1.1,0.5,0.8,0.8
30743,1.8,0.6,0,0.6,0.6
30747,2.625,0.625,0.375,0.75,0.875
30772,1.6,0.6,0.2,0.6,0.2
30779,2.4,0.5,0.4,0.8,0.7
30788,1,0,0.333333333333333,0.333333333333333,0.333333333333333
30869,1.4,0,0.2,0.6,0.6
30901,2.6,1.2,0,1,0.4
30902,2,0.833333333333333,0.166666666666667,0.666666666666667,0.333333333333333
30905,1,0,0.142857142857143,0.428571428571429,0.428571428571429
30943,3.33333333333333,1.33333333333333,0.666666666666667,0.666666666666667,0.666666666666667
30990,2.66666666666667,1,0.166666666666667,0.666666666666667,0.833333333333333
31041,3.16666666666667,1.33333333333333,0.333333333333333,0.833333333333333,0.666666666666667
31052,1.66666666666667,0.166666666666667,0.166666666666667,0.833333333333333,0.5
31053,1.22222222222222,0,0.111111111111111,0.555555555555556,0.555555555555556
31119,1.38461538461538,0.153846153846154,0.307692307692308,0.538461538461538,0.384615384615385
31188,3,1,0.666666666666667,0.666666666666667,0.666666666666667
31197,3.75,1.25,0.5,1,1
31209,2.5,0.833333333333333,0.333333333333333,0.666666666666667,0.666666666666667
31219,1.66666666666667,0,0.333333333333333,1,0.333333333333333
31258,1.4,0.1,0.4,0.5,0.4
31285,2.75,0,0.5,1,1.25
31314,1.83333333333333,0.166666666666667,0.333333333333333,0.666666666666667,0.666666666666667
31316,2.6,0.8,0.4,0.8,0.6
31339,2.75,0.5,0.5,0.75,1
31341,3.66666666666667,1,0.666666666666667,1,1
31368,2.88888888888889,1.22222222222222,0.222222222222222,0.777777777777778,0.666666666666667
31520,1.57142857142857,0,0.285714285714286,0.857142857142857,0.428571428571429
31523,2.75,1,0.5,0.75,0.5
31524,1.16666666666667,0,0.333333333333333,0.5,0.333333333333333
31540,3,0.8,0,1,1.2
31600,2.85714285714286,1.28571428571429,0.142857142857143,0.714285714285714,0.714285714285714
31610,2,0.75,0.25,0.6875,0.3125
31652,2.25,0.5,0.5,0.75,0.5
31659,1.14285714285714,0.285714285714286,0.142857142857143,0.428571428571429,0.285714285714286
31661,2.28571428571429,0.571428571428571,0.428571428571429,0.857142857142857,0.428571428571429
31683,1.42857142857143,0.142857142857143,0.357142857142857,0.5,0.428571428571429
31707,1.4,0.6,0,0.6,0.2
31712,1.8,0.2,0.6,0.6,0.4
31718,3,1.3,0.3,0.8,0.6
31734,2,0.666666666666667,0.222222222222222,0.666666666666667,0.444444444444444
31772,2,0.545454545454545,0.272727272727273,0.727272727272727,0.454545454545455
31779,2.85714285714286,1,0.285714285714286,0.857142857142857,0.714285714285714
31782,2.33333333333333,1,0.333333333333333,0.666666666666667,0.333333333333333
31795,0.666666666666667,0,0,0.333333333333333,0.333333333333333
31796,3.8,1.8,0.4,0.8,0.8
31812,2.16666666666667,0.666666666666667,0.166666666666667,1,0.333333333333333
31826,2.14285714285714,0.857142857142857,0.142857142857143,0.571428571428571,0.571428571428571
31835,3.42857142857143,1.85714285714286,0.285714285714286,0.714285714285714,0.571428571428571
31837,1.6,0.6,0.2,0.6,0.2
31853,1.2,0,0.4,0.4,0.4
31856,0.833333333333333,0,0,0.416666666666667,0.416666666666667
31869,3,1,0.333333333333333,1,0.666666666666667
31884,1.81818181818182,0.545454545454545,0.272727272727273,0.727272727272727,0.272727272727273
31942,4,1.33333333333333,0.666666666666667,1,1
31962,2.33333333333333,0.666666666666667,0.333333333333333,0.666666666666667,0.666666666666667
31978,1.42857142857143,0,0.285714285714286,0.428571428571429,0.714285714285714
31991,2,0.8,0.1,0.9,0.2
31999,3,1,0.5,0.75,0.75
32007,2.85714285714286,1.28571428571429,0,0.857142857142857,0.714285714285714
32048,3.4,1.4,0.2,1,0.8
32055,1.75,0.25,0.25,0.5,0.75
32078,2.5,1,0.333333333333333,0.666666666666667,0.5
32086,1.66666666666667,0.166666666666667,0.5,0.666666666666667,0.333333333333333
32091,1.71428571428571,0.428571428571429,0.285714285714286,0.428571428571429,0.571428571428571
32095,1.625,0.125,0.25,0.75,0.5
32124,2.4,0.4,0.4,1,0.6
32169,3.33333333333333,0.666666666666667,0.666666666666667,1,1
32209,1,0,0,0.4,0.6
32274,2.5,1,0.25,0.75,0.5
32301,3.33333333333333,1,0.666666666666667,1,0.666666666666667
32324,1.375,0.375,0,0.5,0.5
32334,1.42857142857143,0,0.214285714285714,0.785714285714286,0.428571428571429
32397,1.5,0.166666666666667,0.166666666666667,0.833333333333333,0.333333333333333
32418,2.28571428571429,0.857142857142857,0.142857142857143,0.857142857142857,0.428571428571429
32428,1.85714285714286,0.285714285714286,0.142857142857143,0.714285714285714,0.714285714285714
32478,1.625,0.25,0.375,0.5,0.5
32542,2.58333333333333,0.916666666666667,0.25,0.75,0.666666666666667
32604,2.33333333333333,0,0.333333333333333,1,1
32613,2.69230769230769,1.15384615384615,0.153846153846154,0.846153846153846,0.538461538461538
32615,2.83333333333333,0.5,0.5,1,0.833333333333333
32659,3.25,1.25,0.25,1,0.75
32668,1.83333333333333,0.833333333333333,0,0.833333333333333,0.166666666666667
32680,1.90909090909091,0.454545454545455,0.272727272727273,0.545454545454545,0.636363636363636
32716,2.2,1,0.2,0.6,0.4
32731,3,1,0.5,1,0.5
32754,1.57142857142857,0,0,0.714285714285714,0.857142857142857
32790,2.375,0.625,0.125,1,0.625
32801,0.142857142857143,0,0,0,0.142857142857143
32809,2.5,1.25,0.25,0.5,0.5
32839,1,0,0,0.666666666666667,0.333333333333333
32902,2.2,1,0.4,0.4,0.4
32945,2,0.666666666666667,0.166666666666667,0.833333333333333,0.333333333333333
32961,2.75,0.75,0.5,0.75,0.75
32980,1.4,0,0.2,1,0.2
32993,0.4,0,0.2,0,0.2
33098,1.6,0,0.1,0.8,0.7
33101,2.2,0.8,0.2,0.8,0.4
33102,2.33333333333333,0.5,0.333333333333333,1,0.5
33135,1.46153846153846,0,0.0769230769230769,0.538461538461538,0.846153846153846
33138,1.44444444444444,0.111111111111111,0.333333333333333,0.666666666666667,0.333333333333333
33139,1.66666666666667,0.4,0.266666666666667,0.533333333333333,0.466666666666667
33170,2.25,0,0.5,1,0.75
33197,2,0.6,0.4,0.6,0.4
33255,2,0,0.4,0.8,0.8
33268,2.33333333333333,1,0.333333333333333,0.5,0.5
33274,2.25,0.75,0.25,0.75,0.5
33289,3,0.75,0.5,0.75,1
33301,2,0.4,0.4,0.8,0.4
33339,2.11111111111111,0.666666666666667,0.222222222222222,0.888888888888889,0.333333333333333
33342,1.57142857142857,0.571428571428571,0.142857142857143,0.571428571428571,0.285714285714286
33349,1.75,0,0,1,0.75
33366,1,0,0.363636363636364,0.454545454545455,0.181818181818182
33405,2.25,0.75,0.5,0.75,0.25
33410,0.5,0,0,0.5,0
33413,2,0.875,0.125,0.75,0.25
33453,2.55555555555556,1.11111111111111,0.333333333333333,0.777777777777778,0.333333333333333
33472,2.5,1.5,0,0.75,0.25
33514,1.5,0.5,0.166666666666667,0.5,0.333333333333333
33598,2.33333333333333,0.75,0.0833333333333333,0.916666666666667,0.583333333333333
33624,2.75,0.5,0.5,0.75,1
33648,1.45454545454545,0.181818181818182,0.0909090909090909,0.727272727272727,0.454545454545455
33651,2.5,0,0.5,1,1
33671,1.42857142857143,0,0.142857142857143,1,0.285714285714286
33673,2.11111111111111,0.444444444444444,0.222222222222222,0.777777777777778,0.666666666666667
33692,1.5,0.333333333333333,0.166666666666667,0.833333333333333,0.166666666666667
33693,0,0,0,0,0
33700,2,0.8,0,1,0.2
33724,1.2,0,0,0.8,0.4
33771,1,0,0.285714285714286,0.571428571428571,0.142857142857143
33809,0.5,0,0,0.25,0.25
33820,2.55555555555556,0.888888888888889,0.444444444444444,0.888888888888889,0.333333333333333
33824,2.42857142857143,0.857142857142857,0.285714285714286,0.714285714285714,0.571428571428571
33841,2.16666666666667,0.5,0.166666666666667,0.833333333333333,0.666666666666667
33876,2.2,0,0.6,0.8,0.8
33902,1.5,0,0.5,0.5,0.5
33904,2.66666666666667,0,0.666666666666667,1,1
33941,0.833333333333333,0.166666666666667,0.166666666666667,0.5,0
33950,2.28571428571429,1,0.285714285714286,0.857142857142857,0.142857142857143
33958,1.5,0,0,1,0.5
34021,1.8,0,0.2,1,0.6
34082,1.375,0.25,0.125,0.5,0.5
34126,2.66666666666667,0.5,0.166666666666667,0.833333333333333,1.16666666666667
34145,2.75,1.125,0.5,0.625,0.5
34154,2.44444444444444,0.111111111111111,0.666666666666667,0.777777777777778,0.888888888888889
34155,2,0.333333333333333,0.166666666666667,1,0.5
34193,1.625,0.9375,0,0.5625,0.125
34279,2.33333333333333,1,0.222222222222222,0.555555555555556,0.555555555555556
34312,2,0.75,0.25,0.75,0.25
34319,2.33333333333333,0,0.5,1,0.833333333333333
34341,2.16666666666667,1.16666666666667,0.166666666666667,0.666666666666667,0.166666666666667
34622,2.5,0.5,0.5,0.75,0.75
34771,2.4,0.2,0.6,0.8,0.8
34779,1.71428571428571,0,0,0.857142857142857,0.857142857142857
34815,1.42857142857143,0.142857142857143,0.285714285714286,0.714285714285714,0.285714285714286
34842,1.66666666666667,0.333333333333333,0.333333333333333,0.666666666666667,0.333333333333333
34851,2.42857142857143,1,0.142857142857143,0.714285714285714,0.571428571428571
34866,3.2,1.4,0.3,0.9,0.6
34868,1,0,0,0.642857142857143,0.357142857142857
34871,0.2,0,0,0.2,0
34889,1.2,0,0,0.8,0.4
34896,2.16666666666667,0.5,0.166666666666667,0.833333333333333,0.666666666666667
34902,1.6,0.4,0.2,0.6,0.4
34933,1.9,0.6,0.1,0.8,0.4
34938,1.33333333333333,0,0,0.666666666666667,0.666666666666667
35045,2.25,0.5,0.5,0.75,0.5
35070,2.2,0.2,0.4,0.8,0.8
35095,1.8,0,0.2,0.8,0.8
35137,1.66666666666667,0.333333333333333,0.333333333333333,0.666666666666667,0.333333333333333
35211,2,0.333333333333333,0.333333333333333,0.666666666666667,0.666666666666667
35279,1.5,0,0.357142857142857,0.785714285714286,0.357142857142857
35292,1.55555555555556,0.111111111111111,0.444444444444444,0.555555555555556,0.444444444444444
35343,2.5,0.75,0.375,1,0.375
35460,2.14285714285714,0.571428571428571,0.285714285714286,0.714285714285714,0.571428571428571
35475,2.5,0.7,0.5,0.6,0.7
35485,2.8,1,0.4,0.8,0.6
35486,3.33333333333333,0.666666666666667,0.666666666666667,1,1
35495,2.14285714285714,0.428571428571429,0.142857142857143,0.857142857142857,0.714285714285714
36008,1.6,0.2,0.2,0.8,0.4
36714,1.33333333333333,0.666666666666667,0,0.333333333333333,0.333333333333333
37967,3.2,1.2,0.6,0.8,0.6
38507,3.33333333333333,1,0.666666666666667,1,0.666666666666667
39033,3,1.6,0.2,1,0.2
39138,2.25,0.75,0.5,0.75,0.25
39146,2.5,0.25,0.5,1,0.75
39179,1.5,0,0.5,0.5,0.5
39962,2.25,0.75,0.375,0.5,0.625
40541,0.714285714285714,0,0,0.714285714285714,0
40747,3.25,1,0.75,0.75,0.75
41622,2.55555555555556,0.666666666666667,0.333333333333333,0.888888888888889,0.666666666666667
41785,1.6,0.2,0,0.8,0.6
42009,3,0.833333333333333,0.333333333333333,1,0.833333333333333
42049,2,0.5,0.25,0.75,0.5
42175,1.2,0,0,0.6,0.6
43069,3.25,1,0.25,1,1
43283,0.666666666666667,0,0,0.666666666666667,0
47057,2.4,0,0.4,1,1
47089,2.5,0.625,0.5,0.875,0.5
47106,0.8,0,0.4,0.2,0.2
47149,2.83333333333333,1.33333333333333,0.333333333333333,0.666666666666667,0.5
47157,2,0,0.428571428571429,1,0.571428571428571
47220,1.77777777777778,0,0.333333333333333,0.888888888888889,0.555555555555556
47253,2.25,0,0.5,1,0.75
47271,1.75,0.75,0.25,0.5,0.25
47289,1.4,0,0.2,0.8,0.4
47530,2.8,1.4,0.2,0.6,0.6
47536,2,0,0,1,1
47572,2.42857142857143,0.857142857142857,0.285714285714286,0.714285714285714,0.571428571428571
47573,1.16666666666667,0,0.333333333333333,0.5,0.333333333333333
47590,2.25,0.5,0.5,0.875,0.375
47592,2,1,0,0.714285714285714,0.285714285714286
47653,1.8,0.8,0.4,0.4,0.2
47655,1.72727272727273,0.545454545454545,0.272727272727273,0.454545454545455,0.454545454545455
47678,0.6,0.1,0,0.3,0.2
47740,0.8,0,0,0.4,0.4
47767,2.3,0.4,0.3,0.8,0.8
47775,1.08333333333333,0,0.166666666666667,0.583333333333333,0.333333333333333
47804,1.66666666666667,0.666666666666667,0,0.333333333333333,0.666666666666667
47829,1.75,0,0,1,0.75
48227,4,2,0.333333333333333,1,0.666666666666667
48241,1.57142857142857,0.142857142857143,0.285714285714286,0.857142857142857,0.285714285714286
48256,1,0,0,0.8,0.2
48289,1,0.333333333333333,0,0.166666666666667,0.5
48296,2,0.111111111111111,0.111111111111111,0.888888888888889,0.888888888888889
48337,2,0,0.25,1,0.75
48361,3.33333333333333,1.5,0.166666666666667,1,0.666666666666667
48366,0.8,0,0.2,0.4,0.2
48398,1.4,0,0.4,0.6,0.4
48433,2.57142857142857,1,0.285714285714286,0.714285714285714,0.571428571428571
48475,2,0.142857142857143,0.142857142857143,0.857142857142857,0.857142857142857
48488,2,0.166666666666667,0,0.833333333333333,1
48526,2.2,0.6,0,0.8,0.8
48532,2,0.666666666666667,0.166666666666667,1,0.166666666666667
48539,2,0,0.25,1,0.75
48555,1.33333333333333,0,0.333333333333333,0.5,0.5
48565,2.66666666666667,0.333333333333333,0.333333333333333,1,1
48613,2.25,0,0.25,1,1
48665,1.33333333333333,0.666666666666667,0,0.666666666666667,0
48717,1.66666666666667,0,0.333333333333333,0.777777777777778,0.555555555555556
48721,3.2,1.2,0.4,0.8,0.8
48753,1.57142857142857,0.428571428571429,0.142857142857143,0.714285714285714,0.285714285714286
48756,1.66666666666667,0.166666666666667,0.166666666666667,0.666666666666667,0.666666666666667
48776,0.777777777777778,0,0,0.777777777777778,0
48782,1,0,0,0.666666666666667,0.333333333333333
48805,1.72727272727273,0.181818181818182,0.0909090909090909,0.636363636363636,0.818181818181818
48810,0.142857142857143,0,0,0,0.142857142857143
48817,2,0.142857142857143,0.428571428571429,0.714285714285714,0.714285714285714
48820,1.2,0.2,0,0.8,0.2
48828,3.2,1.6,0,1,0.6
48851,0.5,0,0.166666666666667,0.166666666666667,0.166666666666667
48879,0.733333333333333,0,0.133333333333333,0.4,0.2
48947,2.57142857142857,1.14285714285714,0.285714285714286,0.714285714285714,0.428571428571429
49016,1.4,0,0,1,0.4
49055,1.5,0,0,1,0.5
49081,0.857142857142857,0,0.285714285714286,0.428571428571429,0.142857142857143
49086,2,0.75,0.25,0.75,0.25
49188,1.71428571428571,0.714285714285714,0.285714285714286,0.714285714285714,0
49410,1.45454545454545,0.545454545454545,0.0909090909090909,0.545454545454545,0.272727272727273
49447,2.25,1.125,0.125,0.875,0.125
49456,0.666666666666667,0,0,0.333333333333333,0.333333333333333
49551,1.75,0.5,0.25,0.75,0.25
49562,2,0,0,1,1
49568,2.33333333333333,0.333333333333333,0.333333333333333,1,0.666666666666667
49584,2.8,0.8,0.4,0.8,0.8
49634,1.5,0,0.333333333333333,0.833333333333333,0.333333333333333
49662,1.42857142857143,0,0.285714285714286,0.714285714285714,0.428571428571429
49678,1.5,0.5,0.333333333333333,0.333333333333333,0.333333333333333
49680,1.4,0,0.2,0.8,0.4
49689,1.4,0.8,0,0.4,0.2
49740,1.6,0,0.4,0.6,0.6
49870,2.25,1,0,1,0.25
49946,2.125,0.875,0,0.75,0.5
50096,2.25,0.5,0.5,0.75,0.5
50199,1.5,0.25,0.25,0.75,0.25
50263,1.85714285714286,0.285714285714286,0,0.714285714285714,0.857142857142857
50545,2.33333333333333,0,0.666666666666667,1,0.666666666666667
50644,2,0.375,0.375,0.625,0.625
50647,2.25,0,0.5,1,0.75
50662,1.83333333333333,0.5,0.333333333333333,0.333333333333333,0.666666666666667
50805,2.2,0.4,0.2,0.8,0.8
50813,2.6,0.8,0,1,0.8
50815,1.33333333333333,0.444444444444444,0.111111111111111,0.333333333333333,0.444444444444444
50867,1.66666666666667,0.166666666666667,0.333333333333333,0.666666666666667,0.5
50874,2.5,0.666666666666667,0.333333333333333,0.833333333333333,0.666666666666667
50942,0.875,0.375,0,0.375,0.125
50985,2,0.75,0.5,0.5,0.25
51053,3,1,0.428571428571429,0.857142857142857,0.714285714285714
51085,2.875,1.375,0.125,1,0.375
51098,2.85714285714286,0.857142857142857,0.285714285714286,1,0.714285714285714
51129,1.42857142857143,0.428571428571429,0.285714285714286,0.428571428571429,0.285714285714286
51132,2.2,0.6,0.4,0.4,0.8
51178,1.33333333333333,0.333333333333333,0.333333333333333,0.333333333333333,0.333333333333333
51184,2,0,0.2,1,0.8
51196,3,1,0.5,1,0.5
51306,1.875,1.125,0,0.375,0.375
51334,2,0.833333333333333,0.166666666666667,0.833333333333333,0.166666666666667
51337,1.8,1,0,0.8,0
51343,2.2,0.2,0.4,1,0.6
51388,0.666666666666667,0,0.333333333333333,0.333333333333333,0
51404,0.833333333333333,0,0,0.5,0.333333333333333
51416,2.2,0.2,0.6,0.8,0.6
51473,2,0.714285714285714,0.285714285714286,0.571428571428571,0.428571428571429
51485,1,0,0.333333333333333,0.666666666666667,0
51645,1.11111111111111,0,0.111111111111111,0.555555555555556,0.444444444444444
51650,2.375,1,0.25,0.625,0.5
51689,3,1,0.666666666666667,0.666666666666667,0.666666666666667
51692,0.2,0,0.2,0,0
51693,1,0.142857142857143,0.285714285714286,0.285714285714286,0.285714285714286
51696,1,0,0.2,0.4,0.4
51908,1.66666666666667,0.5,0.333333333333333,0.5,0.333333333333333
51910,3.14285714285714,1.14285714285714,0.428571428571429,0.857142857142857,0.714285714285714
51922,1.16666666666667,0.333333333333333,0.166666666666667,0.5,0.166666666666667
51950,1.8,0.7,0.1,0.6,0.4
52005,1.75,0.75,0.25,0.5,0.25
52058,1.33333333333333,0.333333333333333,0.166666666666667,0.5,0.333333333333333
52085,1.77777777777778,0.222222222222222,0.111111111111111,0.888888888888889,0.555555555555556
52145,2.71428571428571,0.857142857142857,0.285714285714286,0.857142857142857,0.714285714285714
52184,2.16666666666667,1,0.166666666666667,0.666666666666667,0.333333333333333
52204,2.25,0.25,0.5,0.75,0.75
52223,1.4,0.2,0,1,0.2
52239,1.42857142857143,0.5,0.285714285714286,0.5,0.142857142857143
52276,1.6,0.4,0.4,0.4,0.4
52283,1.6,0,0.4,0.6,0.6
52302,1.33333333333333,0,0.222222222222222,0.666666666666667,0.444444444444444
52338,3.25,0.75,0.75,1,0.75
52343,2.66666666666667,1.5,0,0.666666666666667,0.5
52359,2.16666666666667,1,0,0.833333333333333,0.333333333333333
52372,1.16666666666667,0.166666666666667,0.166666666666667,0.5,0.333333333333333
52375,3,1.8,0,0.8,0.4
52396,0.8,0,0.4,0.2,0.2
52405,1.4,0,0.4,0.4,0.6
52485,0.333333333333333,0,0,0.333333333333333,0
52546,1.2,0,0,0.4,0.8
52552,1.5,0,0.25,0.875,0.375
52761,0.5,0.125,0,0.25,0.125
52926,1.6,1,0.2,0.2,0.2
52937,3,0.75,0.5,1,0.75
52947,1.66666666666667,0.333333333333333,0.333333333333333,0.666666666666667,0.333333333333333
52964,1.75,0.5,0.5,0.75,0
52971,0.8,0,0,0.8,0
52976,1.83333333333333,0.666666666666667,0.166666666666667,0.833333333333333,0.166666666666667
53000,2.33333333333333,0,0.666666666666667,1,0.666666666666667
53005,1.88888888888889,0.555555555555556,0,0.777777777777778,0.555555555555556
53054,2,0,0.666666666666667,0.666666666666667,0.666666666666667
53115,1.4,0.2,0.4,0.4,0.4
53194,1,0,0,0.75,0.25
53200,1.42857142857143,0.428571428571429,0.142857142857143,0.571428571428571,0.285714285714286
53205,2.2,0.7,0.3,0.7,0.5
53215,1,0,0.333333333333333,0.333333333333333,0.333333333333333
53264,1.75,0,0.25,1,0.5
53266,1,0.2,0,0.6,0.2
53282,2.375,0.75,0.25,0.875,0.5
53305,0.875,0.25,0,0.375,0.25
53410,0.2,0.2,0,0,0
53426,1,0,0,0.666666666666667,0.333333333333333
53432,1.5,0.1,0.1,0.8,0.5
53446,1.5,0.25,0.25,0.5,0.5
53534,3.4,1,0.6,1,0.8
53561,2.14285714285714,0.285714285714286,0.285714285714286,0.857142857142857,0.714285714285714
53573,1.6,0.4,0.2,0.8,0.2
53575,2.85714285714286,1.14285714285714,0.142857142857143,0.857142857142857,0.714285714285714
53603,2.375,1,0.375,0.625,0.375
53659,1.6,0,0.4,0.6,0.6
53673,1.66666666666667,0,0.333333333333333,0.833333333333333,0.5
53679,2.33333333333333,0.666666666666667,0.333333333333333,1,0.333333333333333
53688,0.5,0,0,0.5,0
53742,1.33333333333333,0.5,0,0.5,0.333333333333333
53793,1.77777777777778,0.333333333333333,0.111111111111111,0.777777777777778,0.555555555555556
53838,1,0,0.333333333333333,0.333333333333333,0.333333333333333
53929,1.75,0.25,0,0.75,0.75
53948,1.8,0.6,0.2,0.6,0.4
54075,2.2,1.4,0.2,0.4,0.2
54083,3.28571428571429,1,0.714285714285714,1,0.571428571428571
54120,2,1,0.166666666666667,0.666666666666667,0.166666666666667
54125,1.5,0.5,0,0.75,0.25
54158,2.6,1,0.4,0.8,0.4
54179,1.9,0,0.4,0.8,0.7
54207,1.83333333333333,0,0.333333333333333,0.666666666666667,0.833333333333333
54231,1,0.142857142857143,0.428571428571429,0.285714285714286,0.142857142857143
54237,2.5,1,0,1,0.5
54256,2.6,0.8,0.4,1,0.4
54269,2.4,0.9,0.2,0.7,0.6
54285,2.5,0.25,0.25,1,1
54390,3,1.2,0.2,0.9,0.7
54394,1.66666666666667,0.166666666666667,0.166666666666667,0.833333333333333,0.5
54427,1.875,0.75,0,0.625,0.5
54505,2.42857142857143,0.857142857142857,0.142857142857143,0.857142857142857,0.571428571428571
54538,0.875,0,0,0.75,0.125
54586,2.14285714285714,0.857142857142857,0,0.714285714285714,0.571428571428571
54600,0.666666666666667,0,0.166666666666667,0.333333333333333,0.166666666666667
54642,2.16666666666667,0.5,0.166666666666667,0.666666666666667,0.833333333333333
54680,2,0.2,0.6,0.6,0.6
54686,1.66666666666667,0,0.166666666666667,0.833333333333333,0.666666666666667
54748,2.5,0.5,0.75,0.5,0.75
54758,2.85714285714286,1.14285714285714,0.285714285714286,0.857142857142857,0.571428571428571
54781,1.28571428571429,0,0.142857142857143,0.714285714285714,0.428571428571429
54788,2.6,0.8,0.4,0.8,0.6
54814,4,1.33333333333333,0.666666666666667,1,1
54856,1.6,0.4,0.2,0.6,0.4
54859,0.857142857142857,0,0.285714285714286,0.285714285714286,0.285714285714286
54874,1.8,0.933333333333333,0.0666666666666667,0.533333333333333,0.266666666666667
54935,1.71428571428571,1,0,0.571428571428571,0.142857142857143
54949,3,0.6,0.6,1,0.8
54950,1.72727272727273,0.272727272727273,0.0909090909090909,0.818181818181818,0.545454545454545
54954,0.444444444444444,0,0,0.222222222222222,0.222222222222222
54968,1.6,0,0.4,1,0.2
55040,1.83333333333333,0.5,0.166666666666667,0.75,0.416666666666667
55059,2.25,0.5,0.5,0.5,0.75
55101,2.5,0.75,0.5,0.75,0.5
55112,2.9,1.4,0.4,0.5,0.6
55133,2.2,0.6,0.2,0.8,0.6
55136,2.4,1,0.2,0.8,0.4
55175,2.4,0.2,0.6,1,0.6
55198,2.5,0.5,0.166666666666667,1,0.833333333333333
55219,2.16666666666667,0.5,0.5,0.666666666666667,0.5
55236,2,0.2,0,1,0.8
55245,2,0,0,1,1
55273,1.33333333333333,0,0.333333333333333,0.666666666666667,0.333333333333333
55335,1.71428571428571,0.285714285714286,0.142857142857143,1,0.285714285714286
55383,0.5,0.166666666666667,0,0.166666666666667,0.166666666666667
55392,2,0,0,1,1
55504,1.4,0,0.6,0.4,0.4
55525,2.66666666666667,0.666666666666667,0.666666666666667,0.666666666666667,0.666666666666667
55600,2.30769230769231,0.615384615384615,0.307692307692308,0.769230769230769,0.615384615384615
55615,2,0.333333333333333,0.333333333333333,0.666666666666667,0.666666666666667
55623,0.833333333333333,0.166666666666667,0,0.333333333333333,0.333333333333333
55700,1.75,0.5,0.25,0.625,0.375
55719,1.45454545454545,0,0.181818181818182,0.727272727272727,0.545454545454545
55823,1.75,0.75,0,0.75,0.25
55839,1.66666666666667,0,0.666666666666667,0.666666666666667,0.333333333333333
55841,2,1.375,0,0.625,0
55869,2,0,0.5,0.5,1
55881,1.8,0.2,0,0.7,0.9
55993,2.5,0.625,0.375,0.875,0.625
56007,1.8,0.2,0.4,0.8,0.4
56008,2.85714285714286,1.28571428571429,0.285714285714286,0.857142857142857,0.428571428571429
56103,2,0.5,0.5,0.5,0.5
56115,2.2,1,0.2,0.8,0.2
56122,0.666666666666667,0,0.166666666666667,0.333333333333333,0.166666666666667
56127,1.8,0.8,0,0.6,0.4
56141,1.66666666666667,0,0.666666666666667,0.666666666666667,0.333333333333333
56156,1.55555555555556,0.555555555555556,0,0.888888888888889,0.111111111111111
56183,1.33333333333333,0,0,1,0.333333333333333
56191,2.16666666666667,1,0.333333333333333,0.833333333333333,0
56197,2.66666666666667,0.666666666666667,0.333333333333333,1,0.666666666666667
56237,1,0,0.166666666666667,0.333333333333333,0.5
56265,0.666666666666667,0,0,0.333333333333333,0.333333333333333
56306,0.727272727272727,0.272727272727273,0,0.363636363636364,0.0909090909090909
56314,2,0.5,0.5,0.5,0.5
56318,1.85714285714286,0.571428571428571,0.142857142857143,0.571428571428571,0.571428571428571
56319,0.333333333333333,0,0,0,0.333333333333333
56370,0.8,0,0,0.4,0.4
56397,2.625,1,0,1,0.625
56405,1.4,0,0,0.8,0.6
56490,1.5,0,0.5,0.5,0.5
56499,1.66666666666667,0,0.333333333333333,0.666666666666667,0.666666666666667
56504,2.2,1,0.2,0.8,0.2
56525,1.6,0,0.4,1,0.2
56531,1,0.285714285714286,0,0.428571428571429,0.285714285714286
56538,1.66666666666667,0,0.333333333333333,0.666666666666667,0.666666666666667
56549,1.11111111111111,0,0,0.777777777777778,0.333333333333333
56561,1.5,0,0,0.75,0.75
56588,2.625,1.375,0.125,0.75,0.375
56638,1.1,0,0.2,0.5,0.4
56660,2.33333333333333,0.555555555555556,0.222222222222222,0.888888888888889,0.666666666666667
56685,2,0.5,0.5,0.666666666666667,0.333333333333333
56693,1.77777777777778,0.555555555555556,0.111111111111111,1,0.111111111111111
56725,1.11111111111111,0.555555555555556,0,0.444444444444444,0.111111111111111
56744,1,0,0.2,0.4,0.4
56768,2.83333333333333,1.5,0.166666666666667,0.833333333333333,0.333333333333333
56799,3.2,1.8,0.2,0.8,0.4
56804,1.8,0.4,0.4,0.6,0.4
56813,2,0.777777777777778,0,0.666666666666667,0.555555555555556
56840,2.33333333333333,0.888888888888889,0.333333333333333,0.555555555555556,0.555555555555556
56847,0.6,0,0,0.2,0.4
56860,1.4,0,0.2,0.8,0.4
56865,2.66666666666667,0.666666666666667,0.333333333333333,1,0.666666666666667
56912,1.2,0,0.4,0.4,0.4
56925,1,0,0.166666666666667,0.5,0.333333333333333
57046,2,0.333333333333333,0.333333333333333,0.333333333333333,1
57088,1.33333333333333,0,0.166666666666667,0.833333333333333,0.333333333333333
57145,0.666666666666667,0,0,0.666666666666667,0
57158,2.33333333333333,0.333333333333333,0.666666666666667,0.666666666666667,0.666666666666667
57164,1.11111111111111,0,0.222222222222222,0.555555555555556,0.333333333333333
57171,2.33333333333333,0,0.333333333333333,1,1
57217,3,0.666666666666667,0.666666666666667,1,0.666666666666667
57274,1.75,0,0.25,0.75,0.75
57303,2.33333333333333,0.666666666666667,0.166666666666667,0.666666666666667,0.833333333333333
57410,0.666666666666667,0,0.166666666666667,0.166666666666667,0.333333333333333
57436,0.333333333333333,0,0,0,0.333333333333333
57444,1.66666666666667,0.666666666666667,0,0.666666666666667,0.333333333333333
57490,1.8,1,0,0.8,0
57492,1.77777777777778,0.777777777777778,0.222222222222222,0.666666666666667,0.111111111111111
57509,0.875,0,0,0.5,0.375
57525,0.75,0.25,0,0.25,0.25
57556,1.42857142857143,0.428571428571429,0.142857142857143,0.571428571428571,0.285714285714286
57623,1.75,0,0.25,1,0.5
57630,2.1,0.7,0.3,0.7,0.4
57663,2.25,0.5,0.5,1,0.25
57683,2.375,0.75,0.375,0.875,0.375
57697,2.25,0.5,0.166666666666667,0.916666666666667,0.666666666666667
57698,2.42857142857143,0.857142857142857,0.285714285714286,0.857142857142857,0.428571428571429
57728,0.5,0,0.166666666666667,0.166666666666667,0.166666666666667
57732,2.5,0.5,0.5,0.75,0.75
57744,2.33333333333333,0.666666666666667,0.333333333333333,0.666666666666667,0.666666666666667
57759,0,0,0,0,0
57816,0.75,0,0,0.5,0.25
57840,1.66666666666667,0.5,0.333333333333333,0.333333333333333,0.5
57870,4.2,2.2,0.6,1,0.4
57887,1,0,0,0.333333333333333,0.666666666666667
57972,2,0,0.5,0.75,0.75
58022,1.66666666666667,0.5,0.333333333333333,0.5,0.333333333333333
58040,3.6,1.2,0.4,1,1
58080,2.25,0.5,0.5,0.75,0.5
58092,1.75,0,0.25,0.75,0.75
58181,1.4,0.6,0,0.6,0.2
58232,1.45454545454545,0.454545454545455,0.0909090909090909,0.545454545454545,0.363636363636364
58245,2.2,0.2,0.6,0.8,0.6
58280,3.14285714285714,0.857142857142857,0.285714285714286,1,1
58291,1.45454545454545,0.727272727272727,0.181818181818182,0.363636363636364,0.181818181818182
58302,0,0,0,0,0
58339,2.75,1.125,0.125,0.875,0.625
58347,2,0.714285714285714,0,1,0.285714285714286
58379,2.83333333333333,1,0.333333333333333,0.833333333333333,0.666666666666667
58381,1,0,0,0.666666666666667,0.333333333333333
58383,2,0.857142857142857,0.285714285714286,0.571428571428571,0.285714285714286
58406,3,0.666666666666667,0.666666666666667,1,0.666666666666667
58427,1.33333333333333,0,0,0.666666666666667,0.666666666666667
58428,1.28571428571429,0,0.285714285714286,0.571428571428571,0.428571428571429
58431,2.625,1.25,0.125,0.75,0.5
58447,1.44444444444444,0.333333333333333,0.222222222222222,0.777777777777778,0.111111111111111
58451,1.5,0,0.5,0.5,0.5
58463,1.2,0,0.2,0.4,0.6
58492,2.25,1,0.25,0.75,0.25
58552,2.25,0.5,0.5,0.875,0.375
58561,1.66666666666667,0,0.333333333333333,0.833333333333333,0.5
58583,2.28571428571429,0.785714285714286,0.214285714285714,0.857142857142857,0.428571428571429
58618,2.33333333333333,0.666666666666667,0.333333333333333,1,0.333333333333333
58638,2.6,0.8,0.2,1,0.6
58643,0.875,0.125,0.25,0.25,0.25
58668,3.66666666666667,2.33333333333333,0,0.333333333333333,1
58697,1.33333333333333,0,0,0.333333333333333,1
58702,2.33333333333333,1,0,0.666666666666667,0.666666666666667
58704,2,0.666666666666667,0,0.666666666666667,0.666666666666667
58712,2.28571428571429,0.857142857142857,0.285714285714286,0.857142857142857,0.285714285714286
58723,2.8,0.8,0.2,1,0.8
58734,2,0.25,0.5,0.75,0.5
58735,2,0.5,0.166666666666667,1,0.333333333333333
58761,0,0,0,0,0
58784,1.5,0,0.375,0.625,0.5
58787,3.2,0.8,0.4,1,1
58802,1.75,0.25,0.25,0.5,0.75
58824,1.85714285714286,0.857142857142857,0.0714285714285714,0.571428571428571,0.357142857142857
58844,2,0.4,0.4,0.6,0.6
58857,1.25,0.375,0.25,0.375,0.25
58973,4.25,1.75,0.5,1,1
58994,1.33333333333333,0.166666666666667,0.166666666666667,0.5,0.5
58998,1.4,0,0,0.8,0.6
58999,1.33333333333333,0,0.333333333333333,0.666666666666667,0.333333333333333
59012,2.4,0.8,0.2,0.8,0.6
59034,1,0,0.166666666666667,0.333333333333333,0.5
59036,2.57142857142857,1.14285714285714,0,0.714285714285714,0.714285714285714
59054,1.8,0.4,0.4,0.4,0.6
59086,1,0,0.333333333333333,0.333333333333333,0.333333333333333
59093,2.75,1.125,0.375,0.75,0.5
59110,1.66666666666667,0,0.333333333333333,0.666666666666667,0.666666666666667
59156,2.25,0.5,0.25,0.75,0.75
59162,1.83333333333333,0.583333333333333,0.25,0.75,0.25
59180,1.8,0,0.4,1,0.4
59226,0.727272727272727,0,0.181818181818182,0.272727272727273,0.272727272727273
59233,1.83333333333333,0.166666666666667,0.166666666666667,0.666666666666667,0.833333333333333
59263,1,0.125,0.125,0.625,0.125
59282,1,0,0.4,0.4,0.2
59384,2.5,0.75,0.5,0.75,0.5
59398,2,0.4,0.4,0.8,0.4
59433,1,0,0,0.5,0.5
59457,1.57142857142857,0.571428571428571,0,0.428571428571429,0.571428571428571
59458,1.375,0.25,0.25,0.375,0.5
59465,0.8,0.4,0,0.4,0
59476,1.55555555555556,0.777777777777778,0,0.666666666666667,0.111111111111111
59486,2.83333333333333,0.666666666666667,0.5,1,0.666666666666667
59512,2,0.666666666666667,0,0.666666666666667,0.666666666666667
59576,1.2,0,0,0.8,0.4
59592,2.57142857142857,1.14285714285714,0.142857142857143,0.714285714285714,0.571428571428571
59605,1.66666666666667,0.333333333333333,0,0.666666666666667,0.666666666666667
59632,3,0.666666666666667,0.666666666666667,1,0.666666666666667
59661,2.33333333333333,0.666666666666667,0.333333333333333,0.666666666666667,0.666666666666667
59663,1,0,0,0.5,0.5
59677,0.5,0,0,0.25,0.25
59679,2.42857142857143,1.14285714285714,0.142857142857143,0.714285714285714,0.428571428571429
59693,2.5,1,0.3,0.6,0.6
59697,1.5,0.375,0.25,0.625,0.25
59717,0.75,0,0,0.25,0.5
59722,0.857142857142857,0,0.142857142857143,0.285714285714286,0.428571428571429
59765,2,1,0,0.8,0.2
59783,0.333333333333333,0,0,0,0.333333333333333
59798,1,0,0.125,0.375,0.5
59815,3,1.42857142857143,0.285714285714286,0.857142857142857,0.428571428571429
59841,2.2,0.8,0.2,0.6,0.6
59855,1.2,0,0.4,0.4,0.4
59883,2.25,0.75,0,1,0.5
59888,1.9,0.3,0.4,0.8,0.4
59899,1.33333333333333,0.333333333333333,0.166666666666667,0.666666666666667,0.166666666666667
59906,1.6,0.1,0.3,0.7,0.5
60003,0.8,0,0.2,0.4,0.2
60033,0.75,0,0.25,0.5,0
60035,2.2,0.6,0,1,0.6
60064,3,1,0.666666666666667,0.666666666666667,0.666666666666667
60071,2.25,0.75,0.5,1,0
60083,1,0,0.333333333333333,0.333333333333333,0.333333333333333
60090,2.2,0.4,0.4,0.8,0.6
60103,2,0.5,0.25,0.5,0.75
60111,2.2,0.4,0.4,0.8,0.6
60132,1.66666666666667,0,0.333333333333333,0.666666666666667,0.666666666666667
60133,1,0,0.666666666666667,0,0.333333333333333
60166,1.75,0.375,0.25,0.5,0.625
60173,0.4,0,0.2,0,0.2
60180,1.8,0.2,0.4,0.8,0.4
60205,2,0.666666666666667,0.333333333333333,0.333333333333333,0.666666666666667
60250,1.5,0,0.5,0.5,0.5
60298,2.57142857142857,0.857142857142857,0.285714285714286,1,0.428571428571429
60334,2,0.5,0.25,0.75,0.5
60372,1.8,0.8,0.2,0.6,0.2
60374,2.30769230769231,0.769230769230769,0.153846153846154,0.692307692307692,0.692307692307692
60380,1.2,0,0.4,0.4,0.4
60383,0.4,0,0,0,0.4
60400,0,0,0,0,0
60410,2.09090909090909,0.909090909090909,0.272727272727273,0.636363636363636,0.272727272727273
60414,1,0,0.333333333333333,0.333333333333333,0.333333333333333
60416,0,0,0,0,0
60441,0.333333333333333,0,0,0,0.333333333333333
60456,2,0.75,0.125,0.625,0.5
60497,1,0.285714285714286,0,0.142857142857143,0.571428571428571
60516,2.14285714285714,0.142857142857143,0.285714285714286,1,0.714285714285714
60533,2.66666666666667,0.666666666666667,0.666666666666667,0.666666666666667,0.666666666666667
60543,1,0,0.333333333333333,0.5,0.166666666666667
60549,2,0.8,0,0.8,0.4
60604,0.5,0,0,0.5,0
60612,1.66666666666667,0.666666666666667,0.166666666666667,0.5,0.333333333333333
60633,2.33333333333333,0,0.666666666666667,1,0.666666666666667
60639,2,0.583333333333333,0.25,0.75,0.416666666666667
60643,2.5,0,0.5,1,1
60671,2,0,0,1,1
60680,1.28571428571429,0.142857142857143,0.142857142857143,0.428571428571429,0.571428571428571
60694,0.75,0,0,0,0.75
60697,1,0,0.4,0.4,0.2
60699,0.333333333333333,0,0,0.333333333333333,0
60700,1.6,0.7,0,0.6,0.3
60701,1.5,0,0,1,0.5
60706,1.2,0.2,0.2,0.4,0.4
60707,0.333333333333333,0,0.333333333333333,0,0
60710,1,0,0.285714285714286,0.428571428571429,0.285714285714286
60713,2.5,0.75,0.5,0.5,0.75
60715,1.75,0.25,0,1,0.5
60718,3,1,0.333333333333333,1,0.666666666666667
60719,0.166666666666667,0,0,0.166666666666667,0
60720,0.5,0.3,0,0.1,0.1
60723,2,0.75,0,0.75,0.5
60729,2.33333333333333,0,0.666666666666667,1,0.666666666666667
60730,1.25,0,0.25,0.75,0.25
60731,1.28571428571429,0.142857142857143,0.0714285714285714,0.571428571428571,0.5
60735,1.66666666666667,0,0.166666666666667,0.833333333333333,0.666666666666667
60736,1,0,0.2,0.6,0.2
60738,0.25,0,0,0.25,0
60740,3,2,0,1,0
60741,2.4,0.8,0.4,0.6,0.6
60743,0.8,0.2,0.2,0.4,0
60744,1.5,0,0.5,0.5,0.5
60745,1.5,0,0,0.5,1
60747,0.571428571428571,0.285714285714286,0,0.142857142857143,0.142857142857143
60750,2.33333333333333,0.833333333333333,0.5,0.5,0.5
60752,2.66666666666667,0.666666666666667,0.333333333333333,1,0.666666666666667
60753,0.666666666666667,0,0.111111111111111,0.333333333333333,0.222222222222222
60755,2.5,1,0,1,0.5
60756,0.6,0,0,0.4,0.2
60760,2,0,0,1,1
60762,0.8,0,0,0.4,0.4
60764,1.75,0,0.5,0.5,0.75
60766,2.75,0.75,0.25,0.75,1
60767,1.66666666666667,0,0.666666666666667,0.333333333333333,0.666666666666667
60770,0.5,0,0.25,0.25,0
60771,1.83333333333333,0,0.333333333333333,0.833333333333333,0.666666666666667
60772,2.25,0,0.5,1,0.75
60774,0.666666666666667,0,0,0.666666666666667,0
60777,0.75,0,0,0.5,0.25
60781,2,0,0.666666666666667,1,0.333333333333333
60782,0.428571428571429,0,0.142857142857143,0.142857142857143,0.142857142857143
60787,3,1,0.5,1,0.5
60788,2,0.5,0.333333333333333,0.833333333333333,0.333333333333333
60789,2.57142857142857,0.857142857142857,0.285714285714286,0.857142857142857,0.571428571428571
60793,1.71428571428571,0.571428571428571,0.142857142857143,0.714285714285714,0.285714285714286
60794,2.33333333333333,0.666666666666667,0.333333333333333,1,0.333333333333333
60799,1.2,0,0.2,0.6,0.4
60806,0.666666666666667,0,0,0,0.666666666666667
60807,0.25,0.25,0,0,0
60811,0.666666666666667,0,0,0.666666666666667,0
60814,0.8,0.2,0,0.4,0.2
60817,1.5,1.125,0,0.375,0
60818,1.42857142857143,0,0,0.857142857142857,0.571428571428571
60820,2.2,0,0.4,0.8,1
60821,2,0.25,0.25,0.75,0.75
60822,1.5,0,0.5,0.5,0.5
60823,2,1,0,0.75,0.25
60825,1.33333333333333,0,0.333333333333333,0.666666666666667,0.333333333333333
60829,2.25,0,0.25,1,1
60836,2.25,0.75,0.25,0.75,0.5
60838,2,0,0.666666666666667,0.666666666666667,0.666666666666667
60839,1.33333333333333,0,0,0.666666666666667,0.666666666666667
60841,3,0,1,1,1
60842,1.33333333333333,0,0,1,0.333333333333333
60843,2.14285714285714,0,0.428571428571429,0.857142857142857,0.857142857142857
60847,1.6,0.6,0,0.6,0.4
60850,2,0.2,0.4,0.8,0.6
60852,2.25,0.75,0.25,1,0.25
60853,0.333333333333333,0,0,0,0.333333333333333
60854,0.6,0,0,0.4,0.2
60856,0.833333333333333,0,0,0.666666666666667,0.166666666666667
60857,1.4,0,0,1,0.4
60859,1,0,0,1,0
60862,1.5,0,0.5,0.5,0.5
60863,1.6,0.8,0,0.6,0.2
60864,1.66666666666667,0,0.5,0.333333333333333,0.833333333333333
60869,1.25,0,0,1,0.25
60870,2,0,0.666666666666667,0.666666666666667,0.666666666666667
60871,2.25,0,0.5,1,0.75
60872,3.6,1.8,0,1,0.8
60873,2.25,1,0,0.5,0.75
60874,2.66666666666667,0.333333333333333,0.666666666666667,0.666666666666667,1
60875,0,0,0,0,0
60876,1.8,0.4,0.2,0.8,0.4
60877,1,0.666666666666667,0,0.333333333333333,0
60878,0.666666666666667,0,0,0.333333333333333,0.333333333333333
60882,0.666666666666667,0,0,0.333333333333333,0.333333333333333
60883,2.14285714285714,0.857142857142857,0.142857142857143,0.714285714285714,0.428571428571429
60884,0.6,0,0,0.4,0.2
60885,0,0,0,0,0
60888,1.33333333333333,0,0,1,0.333333333333333
60889,0.833333333333333,0.333333333333333,0.166666666666667,0.333333333333333,0
60890,1,0,0,0.5,0.5
60893,3.25,1,0.25,1,1
60895,2,0.5,0.5,0.5,0.5
60896,1.6,0.6,0,0.8,0.2
60897,1.66666666666667,0,0,1,0.666666666666667
60900,0.571428571428571,0.0714285714285714,0.0714285714285714,0.285714285714286,0.142857142857143
60901,1,0,0.333333333333333,0.333333333333333,0.333333333333333
60902,0.5,0,0,0,0.5
60903,1.14285714285714,0,0.142857142857143,0.571428571428571,0.428571428571429
60904,2.5,1,0.25,0.75,0.5
60906,1,0.5,0,0,0.5
60907,0.866666666666667,0,0.0666666666666667,0.266666666666667,0.533333333333333
60908,1.6,0,0,1,0.6
60909,0.375,0,0.125,0.125,0.125
60914,1.42857142857143,0,0.428571428571429,0.428571428571429,0.571428571428571
60915,0,0,0,0,0
60916,1,0.2,0,0.6,0.2
60919,1.4,0.6,0,0.6,0.2
60920,2,0.5,0.5,0.5,0.5
60921,1.8,0,0.2,1,0.6
60923,2,0.833333333333333,0.166666666666667,0.833333333333333,0.166666666666667
60925,0.857142857142857,0,0.142857142857143,0.428571428571429,0.285714285714286
60928,1.25,0.75,0,0.5,0
60929,2.33333333333333,0,0.333333333333333,1,1
60930,1.33333333333333,0.333333333333333,0.333333333333333,0.333333333333333,0.333333333333333
60932,2.75,0.75,0.5,1,0.5
60937,2.5,0.75,0.25,0.75,0.75
60938,0.571428571428571,0.428571428571429,0,0.142857142857143,0
60943,1.25,0,0,1,0.25
60945,2,0.75,0,1,0.25
60946,0.714285714285714,0,0.285714285714286,0.285714285714286,0.142857142857143
60948,2.2,0.2,0.6,0.8,0.6
60949,0.75,0,0,0.25,0.5
60950,1.28571428571429,0.428571428571429,0,0.428571428571429,0.428571428571429
60951,1.33333333333333,0.333333333333333,0,0.666666666666667,0.333333333333333
60953,2.16666666666667,0.166666666666667,0.333333333333333,1,0.666666666666667
60961,2.5,1,0.5,0.5,0.5
60962,1.2,0,0.4,0.4,0.4
60964,2,0.8,0,1,0.2
60966,3,0.666666666666667,0.666666666666667,1,0.666666666666667
60967,1.5,0,0.5,0.5,0.5
60968,0,0,0,0,0
60969,1,0,0.2,0.6,0.2
60970,2.5,1,0.333333333333333,0.833333333333333,0.333333333333333
60971,0,0,0,0,0
60972,1.83333333333333,0.833333333333333,0.166666666666667,0.5,0.333333333333333
60975,2.33333333333333,0.166666666666667,0.333333333333333,1,0.833333333333333
60978,1.88888888888889,0.666666666666667,0.111111111111111,0.777777777777778,0.333333333333333
60979,0.333333333333333,0,0,0.333333333333333,0
60980,1,0,0.25,0.75,0
60983,1,0,0.2,0.6,0.2
60984,2,0.5,0.25,0.75,0.5
60986,1.83333333333333,0,0.166666666666667,0.833333333333333,0.833333333333333
60988,2.33333333333333,1.33333333333333,0,0.666666666666667,0.333333333333333
60989,2.83333333333333,1.16666666666667,0,0.833333333333333,0.833333333333333
60990,1,0.166666666666667,0,0.666666666666667,0.166666666666667
60991,1.66666666666667,0,0.333333333333333,0.666666666666667,0.666666666666667
60994,1.25,0.25,0.25,0.625,0.125
60995,1.5,0,0.25,0.75,0.5
60996,0.5,0,0,0.25,0.25
60998,2,0,0.5,0.5,1
61000,3,0.666666666666667,0.666666666666667,0.666666666666667,1
61002,1.25,0,0.5,0.5,0.25
61003,1.2,0,0,0.6,0.6
61005,0.25,0,0,0,0.25
61006,1.25,0.25,0,1,0
61010,0,0,0,0,0
61011,1.2,0.4,0.2,0.4,0.2
61014,1.5,0.25,0.25,0.5,0.5
61015,1.33333333333333,0,0,1,0.333333333333333
61020,1,0,0,0.666666666666667,0.333333333333333
61022,1,0,0.25,0.5,0.25
61023,0.666666666666667,0,0.166666666666667,0.333333333333333,0.166666666666667
61024,2.66666666666667,0.333333333333333,0.666666666666667,0.666666666666667,1
61025,1.9,0.4,0.3,0.7,0.5
61026,0.5,0,0,0,0.5
61029,1.6,0,0,0.8,0.8
61033,1,0.333333333333333,0.333333333333333,0.333333333333333,0
61035,0.4,0,0,0.2,0.2
61037,1.77777777777778,0.888888888888889,0,0.666666666666667,0.222222222222222
61039,2.25,0,0.5,1,0.75
61040,1.14285714285714,0.142857142857143,0.285714285714286,0.428571428571429,0.285714285714286
61041,0.714285714285714,0,0.285714285714286,0.285714285714286,0.142857142857143
61043,1.28571428571429,0.428571428571429,0.142857142857143,0.428571428571429,0.285714285714286
61044,1,0,0.2,0.4,0.4
61045,1.66666666666667,0.666666666666667,0.333333333333333,0.333333333333333,0.333333333333333
61047,1.75,0,0.5,0.75,0.5
61053,1,0,0.333333333333333,0.666666666666667,0
61054,1.33333333333333,0,0,1,0.333333333333333
61055,1.2,0,0,1,0.2
61056,2.6,1,0,1,0.6
61057,1,0.166666666666667,0.166666666666667,0.333333333333333,0.333333333333333
61058,0.8,0,0.2,0.4,0.2
61060,2.8,1.6,0,0.8,0.4
61061,2.4,1.2,0.2,0.8,0.2
61062,0,0,0,0,0
61063,3.33333333333333,1.33333333333333,0.333333333333333,0.666666666666667,1
61064,2.66666666666667,1.16666666666667,0,1,0.5
61065,2.25,0.5,0.5,0.75,0.5
61066,2.5,0.5,0.5,1,0.5
61067,0.857142857142857,0.285714285714286,0,0.285714285714286,0.285714285714286
61068,2.66666666666667,1,0,1,0.666666666666667
61071,0.4,0,0,0,0.4
61073,1.66666666666667,0.166666666666667,0.333333333333333,0.833333333333333,0.333333333333333
61074,2,0.875,0.125,0.625,0.375
61080,0.6,0,0,0.4,0.2
61083,2,0.166666666666667,0.166666666666667,1,0.666666666666667
61084,2,1,0,0.666666666666667,0.333333333333333
61085,1.66666666666667,0,0.666666666666667,0.666666666666667,0.333333333333333
61086,0.25,0,0,0.25,0
61089,0,0,0,0,0
61095,1.66666666666667,0.166666666666667,0.333333333333333,0.666666666666667,0.5
61096,1.5,0.75,0,0.5,0.25
61100,1.5,0.25,0.25,0.5,0.5
61101,0.25,0,0,0,0.25
61103,0,0,0,0,0
61104,0.4,0,0.2,0,0.2
61106,2.11111111111111,0.666666666666667,0.111111111111111,0.777777777777778,0.555555555555556
61109,0.2,0,0,0,0.2
61110,1.25,0.416666666666667,0.0833333333333333,0.416666666666667,0.333333333333333
61111,0.666666666666667,0,0,0.666666666666667,0
61112,1.33333333333333,0,0.166666666666667,0.666666666666667,0.5
61115,0,0,0,0,0
61116,0.8,0,0,0.2,0.6
61117,1.45454545454545,0.363636363636364,0,0.727272727272727,0.363636363636364
61118,1,0,0,0.25,0.75
61119,0.5,0,0,0.5,0
61120,5,2,1,1,1
61121,2.16666666666667,0.833333333333333,0.166666666666667,0.5,0.666666666666667
61122,1,0,0.25,0.5,0.25
61123,0.666666666666667,0,0.333333333333333,0.333333333333333,0
61128,0.666666666666667,0,0.166666666666667,0.333333333333333,0.166666666666667
61129,1.14285714285714,0,0.142857142857143,0.571428571428571,0.428571428571429
61130,2.66666666666667,0,0.666666666666667,1,1
61133,1.25,0,0.25,1,0
61134,1.8,0.3,0.2,0.8,0.5
61135,0.333333333333333,0,0,0.333333333333333,0
61136,0.5,0,0.25,0.25,0
61137,1.66666666666667,0,0.333333333333333,0.5,0.833333333333333
61142,0.428571428571429,0,0.142857142857143,0.142857142857143,0.142857142857143
61144,0.166666666666667,0,0,0.166666666666667,0
61145,1,0,0,0.6,0.4
61146,0.666666666666667,0,0,0.333333333333333,0.333333333333333
61148,2.28571428571429,0.285714285714286,0.428571428571429,1,0.571428571428571
61151,0.5,0,0,0.25,0.25
61152,2.14285714285714,0.285714285714286,0.285714285714286,1,0.571428571428571
61156,2,0.2,0.6,0.6,0.6
61158,1.25,0.4375,0.0625,0.3125,0.4375
61159,1,0,0,1,0
61160,2.5,1,0,0.5,1
61162,3,0.666666666666667,0.666666666666667,1,0.666666666666667
61163,2,1,0,0.857142857142857,0.142857142857143
61164,3,0,1,1,1
61166,1.4,0.4,0,0.4,0.6
61167,1,0,0.333333333333333,0.333333333333333,0.333333333333333
61168,1,0,0.333333333333333,0.5,0.166666666666667
61170,0.6,0,0.2,0.2,0.2
61171,1.6,0.8,0,0.6,0.2
61175,1,0,0.333333333333333,0.333333333333333,0.333333333333333
61176,2.33333333333333,1.33333333333333,0,0.666666666666667,0.333333333333333
61179,2,0.333333333333333,0.5,0.5,0.666666666666667
61180,1.5,0.5,0,0.5,0.5
61181,0.833333333333333,0,0,0.5,0.333333333333333
61186,0.8,0.2,0.1,0.3,0.2
61190,2,0,0.2,1,0.8
61191,0.857142857142857,0,0.142857142857143,0.428571428571429,0.285714285714286
61192,1.8,0.2,0.4,0.8,0.4
61198,0,0,0,0,0
61200,0,0,0,0,0
61206,1.66666666666667,1,0,0.333333333333333,0.333333333333333
61208,1,0,0.4,0.4,0.2
61210,2.75,1.25,0.25,0.75,0.5
61212,0.25,0,0,0.25,0
61214,4,1,1,1,1
61215,3.5,1.5,0.5,1,0.5
61216,0.2,0,0,0,0.2
61217,2.66666666666667,0.666666666666667,0.666666666666667,0.666666666666667,0.666666666666667
61218,0.25,0,0,0.125,0.125
61219,1.4,0,0.4,0.6,0.4
61220,0.333333333333333,0,0,0,0.333333333333333
61224,1.66666666666667,1,0,0,0.666666666666667
61227,1,0,0.333333333333333,0.333333333333333,0.333333333333333
61235,2,0,0.666666666666667,0.666666666666667,0.666666666666667
61240,1.66666666666667,0,0.333333333333333,0.666666666666667,0.666666666666667
61242,2.25,0.5,0.5,0.75,0.5
61243,1.25,0.25,0,0.75,0.25
61246,2,0,0.666666666666667,0.666666666666667,0.666666666666667
61247,1.33333333333333,0.333333333333333,0.333333333333333,0.333333333333333,0.333333333333333
61249,2.66666666666667,0.666666666666667,0.666666666666667,1,0.333333333333333
61253,2,1,0,0,1
61254,1.11111111111111,0.333333333333333,0.222222222222222,0.333333333333333,0.222222222222222
61255,2,0.8,0.2,0.2,0.8
61256,1.8,0.6,0.2,0.4,0.6
61257,1.75,0.5,0,0.75,0.5
61260,1.6,0,0.2,1,0.4
61261,1.2,0.4,0,0.4,0.4
61262,2.125,1.0625,0.125,0.625,0.3125
61264,4.5,2,0.5,1,1
61265,2,0.25,0.5,0.75,0.5
61269,1,0,0.4,0.4,0.2
61271,0.666666666666667,0,0,0,0.666666666666667
61274,2,0.625,0.25,0.625,0.5
61275,2.33333333333333,1,0.333333333333333,0.666666666666667,0.333333333333333
61278,2,0.333333333333333,0.666666666666667,0.666666666666667,0.333333333333333
61279,1,0,0,0.5,0.5
61282,0,0,0,0,0
61283,2,0,0.666666666666667,1,0.333333333333333
61285,1.11111111111111,0.444444444444444,0,0.444444444444444,0.222222222222222
61286,1.7,0.2,0.2,0.9,0.4
61290,3.16666666666667,1.5,0.333333333333333,0.833333333333333,0.5
61295,2,0,0.25,1,0.75
61296,0,0,0,0,0
61297,0,0,0,0,0
61301,1,0,0,0.5,0.5
61303,1.75,0.75,0,0.5,0.5
61308,1.5,0,0,1,0.5
61309,2,0.6,0,0.8,0.6
61311,0.5,0,0,0,0.5
61312,1,0,0,1,0
61315,1.5,0.5,0,1,0
61320,0.833333333333333,0,0,0.5,0.333333333333333
61321,1.77777777777778,0.555555555555556,0.111111111111111,0.666666666666667,0.444444444444444
61325,1.83333333333333,0.166666666666667,0.333333333333333,0.833333333333333,0.5
61328,2,0.333333333333333,0.666666666666667,0.666666666666667,0.333333333333333
61330,0.5,0,0.5,0,0
61331,1,0,0,0.5,0.5
61338,1.4,0.4,0,0.6,0.4
61342,2.16666666666667,0.833333333333333,0,1,0.333333333333333
61343,2,0.8,0.1,0.6,0.5
61345,1,0,0.333333333333333,0.333333333333333,0.333333333333333
61346,0.75,0,0.25,0.25,0.25
61347,2.42857142857143,0.571428571428571,0.142857142857143,1,0.714285714285714
61348,2,0.333333333333333,0.333333333333333,0.666666666666667,0.666666666666667
61349,1,0,0.333333333333333,0.333333333333333,0.333333333333333
61350,1.5,0,0.25,0.75,0.5
61351,2,0,0.6,0.6,0.8
61352,1.4,0.4,0.2,0.4,0.4
61359,0.333333333333333,0,0,0,0.333333333333333
61360,1,0,0,0,1
61361,3,1,0.5,1,0.5
61362,1.5,0,0,0.833333333333333,0.666666666666667
61363,4,2,0,1,1
61370,1.66666666666667,0.333333333333333,0.333333333333333,0.666666666666667,0.333333333333333
61374,3,1.66666666666667,0,1,0.333333333333333
61375,2,1,0,1,0
61381,2.625,1.125,0.25,0.75,0.5
61385,0.8,0,0.2,0.4,0.2
61386,1.8,0,0.4,0.8,0.6
61388,0.666666666666667,0,0,0.666666666666667,0
61391,1.28571428571429,0,0.285714285714286,0.571428571428571,0.428571428571429
61392,1.28571428571429,0.428571428571429,0.142857142857143,0.142857142857143,0.571428571428571
61395,1,0,0,0.6,0.4
61396,1.66666666666667,0,0.333333333333333,0.666666666666667,0.666666666666667
61398,1.875,0.625,0.25,0.75,0.25
61399,2.33333333333333,0.666666666666667,0.333333333333333,0.666666666666667,0.666666666666667
61400,4,2,0,1,1
61401,1,0,0,0.5,0.5
61402,2.5,0.5,0,0.5,1.5
61403,1,0,0,0,1
61404,3.6,1.6,0.6,0.6,0.8
61405,1.33333333333333,0,0,1,0.333333333333333
61407,2.33333333333333,0.333333333333333,0,1,1
61408,3.33333333333333,1,0.666666666666667,0.666666666666667,1
61409,1.33333333333333,0,0,0.666666666666667,0.666666666666667
61410,1,0,0.666666666666667,0,0.333333333333333
61412,1.33333333333333,0,0.333333333333333,0.666666666666667,0.333333333333333
61413,0.5,0,0.25,0.25,0
61414,1.33333333333333,0.666666666666667,0,0.5,0.166666666666667
61415,2.75,1.25,0,0.75,0.75
61416,1,0.166666666666667,0,0.666666666666667,0.166666666666667
61417,1,0,0.666666666666667,0.333333333333333,0
61420,0.666666666666667,0,0,0,0.666666666666667
61421,1.6,0.8,0,0.8,0
61422,3,0.8,0.2,1,1
61423,3,0.666666666666667,0.666666666666667,1,0.666666666666667
61427,0.5,0,0,0.25,0.25
61428,0.285714285714286,0,0,0.142857142857143,0.142857142857143
61429,1.81818181818182,0.363636363636364,0.363636363636364,0.727272727272727,0.363636363636364
61431,2,1,0,1,0
61438,1.4,0.2,0.4,0.4,0.4
61439,1.66666666666667,0,0.333333333333333,0.333333333333333,1
61441,1.8,0.9,0,0.6,0.3
61442,2,0,0.666666666666667,0.666666666666667,0.666666666666667
61443,2.5,0.833333333333333,0.333333333333333,0.833333333333333,0.5
61444,0.5,0,0.166666666666667,0.333333333333333,0
61445,1.2,0.4,0.2,0.4,0.2
61447,0.5,0,0.166666666666667,0.166666666666667,0.166666666666667
61448,0.4,0,0,0.4,0
61450,2.22222222222222,0.444444444444444,0.333333333333333,0.888888888888889,0.555555555555556
61451,1,0,0,0.571428571428571,0.428571428571429
61452,2.6,0.8,0.4,0.8,0.6
61454,1,0.333333333333333,0,0.333333333333333,0.333333333333333
61455,0.25,0,0,0,0.25
61456,2.66666666666667,1,0.333333333333333,1,0.333333333333333
61457,2.14285714285714,0.857142857142857,0.428571428571429,0.571428571428571,0.285714285714286
61461,1.5,0.166666666666667,0.166666666666667,0.5,0.666666666666667
61465,2.18181818181818,0.818181818181818,0.272727272727273,0.727272727272727,0.363636363636364
61469,0.2,0,0.2,0,0
61472,1.5,0.5,0,0.5,0.5
61473,2.57142857142857,0.285714285714286,0.714285714285714,0.857142857142857,0.714285714285714
61474,0.666666666666667,0,0,0.333333333333333,0.333333333333333
61475,1,0,0,1,0
61476,0,0,0,0,0
61478,0,0,0,0,0
61479,3.66666666666667,2.33333333333333,0.333333333333333,0.666666666666667,0.333333333333333
61480,1.25,0,0,0.5,0.75
61481,1,0,0,0.75,0.25
61482,2.66666666666667,0.333333333333333,0.333333333333333,1,1
61483,2.5,1,0,1,0.5
61484,0.6,0,0,0.6,0
61485,2,0.75,0,0.75,0.5
61486,2,0.333333333333333,0.666666666666667,0.333333333333333,0.666666666666667
61487,1,0,0,0.6,0.4
61489,0.333333333333333,0,0,0.333333333333333,0
61490,1.33333333333333,0.333333333333333,0,0.333333333333333,0.666666666666667
61492,4,1,1,1,1
61493,0.5,0,0,0.5,0
61495,2.71428571428571,1.14285714285714,0.285714285714286,0.714285714285714,0.571428571428571
61496,0.5,0,0,0.5,0
61497,1.5,0,0,0.5,1
61499,1,0,0.25,0.5,0.25
61500,1.25,0.25,0.25,0.25,0.5
61501,0.857142857142857,0,0,0.714285714285714,0.142857142857143
61503,2.4,0.2,0.2,1,1
61506,2.5,0.5,0.5,0.833333333333333,0.666666666666667
61511,0.4,0,0,0.2,0.2
61512,0.5,0,0,0.25,0.25
61513,1.85714285714286,1,0,0.571428571428571,0.285714285714286
61515,0.666666666666667,0,0,0.666666666666667,0
61516,3,0,1,1,1
61517,1.33333333333333,0,0.333333333333333,0.666666666666667,0.333333333333333
61521,0,0,0,0,0
61522,2,0.5,0,1,0.5
61523,1.66666666666667,0,0,0.833333333333333,0.833333333333333
61524,0.25,0,0,0,0.25
61527,1.75,0.125,0,1,0.625
61528,0.6,0.2,0,0.2,0.2
61529,1,0,0.333333333333333,0.333333333333333,0.333333333333333
61530,1,0.166666666666667,0,0.5,0.333333333333333
61533,1,0,0.333333333333333,0.333333333333333,0.333333333333333
61534,1,0,0.2,0.4,0.4
61535,0.833333333333333,0.166666666666667,0.166666666666667,0.166666666666667,0.333333333333333
61538,1.33333333333333,0.666666666666667,0,0.666666666666667,0
61539,3,1,0.5,1,0.5
61540,1.71428571428571,0.142857142857143,0,1,0.571428571428571
61542,1.83333333333333,0,0.166666666666667,1,0.666666666666667
61544,1.66666666666667,0.333333333333333,0.333333333333333,0.666666666666667,0.333333333333333
61546,2,0.75,0,0.75,0.5
61547,1,0,0,1,0
61548,1.75,0.5,0,0.75,0.5
61549,0.333333333333333,0,0,0.333333333333333,0
61551,1,0,0.166666666666667,0.5,0.333333333333333
61554,0.5,0,0,0.5,0
61555,1.33333333333333,0,0.333333333333333,0.666666666666667,0.333333333333333
61556,2.28571428571429,0.428571428571429,0.142857142857143,0.857142857142857,0.857142857142857
61557,1,0,0.25,0.5,0.25
61560,1.14285714285714,0,0.142857142857143,0.857142857142857,0.142857142857143
61561,3,1.33333333333333,0.333333333333333,0.666666666666667,0.666666666666667
61562,2,1,0,1,0
61563,2.8,1.6,0,1,0.2
61565,2,1,0,1,0
61566,1,0,0,0.666666666666667,0.333333333333333
61569,2.5,0.75,0,1,0.75
61571,3,1,0,0.75,1.25
61572,2.625,0.5,0.5,0.875,0.75
61573,2.75,0.75,0.5,1,0.5
61575,2,0.6,0.2,0.8,0.4
61584,1.42857142857143,0.571428571428571,0,0.571428571428571,0.285714285714286
61587,1.66666666666667,0.5,0,0.666666666666667,0.5
61588,1.8,0,0.2,0.8,0.8
61589,2.5,0.5,0,1,1
61590,1,0,0.333333333333333,0.333333333333333,0.333333333333333
61594,1.28571428571429,0.857142857142857,0,0.428571428571429,0
61600,3,1.33333333333333,0.333333333333333,0.666666666666667,0.666666666666667
61602,1,0,0.333333333333333,0.666666666666667,0
61606,2.75,2,0,0.5,0.25
61608,1,0,0.166666666666667,0.5,0.333333333333333
61609,1.66666666666667,0,0.666666666666667,0.666666666666667,0.333333333333333
61610,1.25,0.5,0.25,0.25,0.25
61611,1.83333333333333,0.166666666666667,0.333333333333333,0.833333333333333,0.5
61612,1.6,0.2,0.2,1,0.2
61613,2,0.666666666666667,0.333333333333333,0.666666666666667,0.333333333333333
61616,1.75,0.75,0.25,0.5,0.25
61618,3,1.25,0.25,1,0.5
61622,1.5,0,0.5,0.5,0.5
61626,1.66666666666667,0,0.333333333333333,0.666666666666667,0.666666666666667
61627,1.25,0.25,0,1,0
61629,1.42857142857143,0,0,0.857142857142857,0.571428571428571
61631,1,0,0,1,0
61634,1.75,0,0,0.75,1
61635,1.83333333333333,0.333333333333333,0.333333333333333,0.666666666666667,0.5
61637,0.75,0,0,0.5,0.25
61638,2.33333333333333,0.666666666666667,0.333333333333333,0.666666666666667,0.666666666666667
61639,0,0,0,0,0
61640,1.33333333333333,0.333333333333333,0,0.666666666666667,0.333333333333333
61643,1.5,0.5,0.333333333333333,0.166666666666667,0.5
61649,3.33333333333333,1.33333333333333,0.333333333333333,1,0.666666666666667
61650,2.25,0,0.75,1,0.5
61651,1.8,0,0.6,0.6,0.6
61653,2.8,1,0.4,1,0.4
61654,1,0,0,1,0
61655,1.33333333333333,0,0.333333333333333,0.666666666666667,0.333333333333333
61656,2.75,0.25,0.5,1,1
61657,0,0,0,0,0
61658,2.33333333333333,0,0.666666666666667,0.666666666666667,1
61659,2.66666666666667,1.33333333333333,0,0.666666666666667,0.666666666666667
61660,0,0,0,0,0
61661,1.66666666666667,0.666666666666667,0.333333333333333,0.666666666666667,0
61662,0.8,0,0,0.4,0.4
61665,1.33333333333333,0.833333333333333,0,0.333333333333333,0.166666666666667
61666,0,0,0,0,0
61668,1.66666666666667,0,0.666666666666667,0.333333333333333,0.666666666666667
61669,2,0,0,1,1
61671,0,0,0,0,0
61674,4,1.66666666666667,0.666666666666667,1,0.666666666666667
61675,2.25,0,0.75,0.75,0.75
61676,1.2,0,0.2,0.8,0.2
61677,1.5,0,0.5,0.5,0.5
61678,3,1.25,0.25,1,0.5
61679,0.2,0,0,0,0.2
61680,2.6,0.8,0.4,0.8,0.6
61681,1.75,0.25,0,1,0.5
61682,1,0,1,0,0
61684,0.857142857142857,0,0.285714285714286,0.285714285714286,0.285714285714286
61685,1.5,0,0.5,0.75,0.25
61686,1.33333333333333,0,0,0.666666666666667,0.666666666666667
61687,2.42857142857143,0.571428571428571,0.142857142857143,0.857142857142857,0.857142857142857
61688,1.8,0.6,0.2,0.6,0.4
61689,1.33333333333333,0.666666666666667,0,0.666666666666667,0
61693,1.8,0.2,0.2,1,0.4
61697,0.666666666666667,0,0,0.333333333333333,0.333333333333333
61701,2.75,0.75,0.25,1,0.75
61702,1.8,0,0.4,0.8,0.6
61703,1.375,0,0.125,0.625,0.625
61708,2.5,0.75,0.5,0.75,0.5
61709,2,0.333333333333333,0.333333333333333,1,0.333333333333333
61710,1,0,0,0.5,0.5
61711,1.16666666666667,0,0.333333333333333,0.166666666666667,0.666666666666667
61714,1.25,0.5,0,0.375,0.375
61715,2.25,0.75,0,0.75,0.75
61716,1,0.4,0,0.6,0
61718,2.16666666666667,1.25,0.166666666666667,0.5,0.25
61719,2.11111111111111,0.333333333333333,0.333333333333333,0.777777777777778,0.666666666666667
61722,0.25,0,0,0.25,0
61723,0.5,0.25,0,0.25,0
61724,1.25,0,0,0.75,0.5
61726,1.5,0,0,1,0.5
61728,1.25,0,0.25,0.75,0.25
61730,2.75,1,0.25,1,0.5
61731,0.25,0,0,0.25,0
61732,2,0,1,0,1
61738,0.666666666666667,0,0,0.333333333333333,0.333333333333333
61739,3,1,0.5,1,0.5
61740,0.5,0,0.25,0.25,0
61745,1.4,0,0.4,0.6,0.4
61746,2,0.5,0,0.75,0.75
61747,1,0,0,0.714285714285714,0.285714285714286
61748,2,0.666666666666667,0.333333333333333,0.666666666666667,0.333333333333333
61749,1.66666666666667,0.333333333333333,0,0.666666666666667,0.666666666666667
61750,2.2,0.2,0.6,0.6,0.8
61752,0.666666666666667,0,0.333333333333333,0,0.333333333333333
61753,1.75,0.5,0.25,0.75,0.25
61765,2.125,0.25,0.5,0.875,0.5
61768,1.75,0.75,0,0.75,0.25
61778,2,0.333333333333333,0.666666666666667,0.333333333333333,0.666666666666667
61779,0.333333333333333,0,0,0.333333333333333,0
61780,1.33333333333333,0,0.333333333333333,0.333333333333333,0.666666666666667
61781,3.5,1,0.5,1,1
61782,1.2,0,0.2,0.6,0.4
61789,1.4,0.8,0,0.4,0.2
61790,2,0,0.666666666666667,0.666666666666667,0.666666666666667
61792,1.66666666666667,0.666666666666667,0.333333333333333,0.333333333333333,0.333333333333333
61794,3,1,0.5,1,0.5
61795,2,0,0,1,1
61797,2,0.5,0.5,0.5,0.5
61800,0.333333333333333,0.333333333333333,0,0,0
61813,0.857142857142857,0.285714285714286,0,0.285714285714286,0.285714285714286
61814,1.5,0,0.25,0.75,0.5
61816,2.2,1,0,1,0.2
61817,0,0,0,0,0
61818,0.75,0,0,0.5,0.25
61819,2.4,1.6,0.2,0.6,0
61825,0.25,0,0,0,0.25
61828,1.85714285714286,0.428571428571429,0.428571428571429,0.571428571428571,0.428571428571429
61830,0.4,0,0,0,0.4
61831,0.8,0,0.2,0.4,0.2
61839,0.333333333333333,0,0,0.333333333333333,0
61840,1,0.25,0.25,0.25,0.25
61842,0,0,0,0,0
61843,1.6,0.8,0.2,0.6,0
61844,2.25,0.25,0.5,0.75,0.75
61848,1.25,0.5,0,0.5,0.25
61849,1.25,0,0.25,0.5,0.5
61858,0,0,0,0,0
61859,0.75,0,0.25,0.5,0
61860,1.8,0,0.4,0.8,0.6
61865,2.75,1,0.5,1,0.25
61867,1.75,0.75,0.25,0.75,0
61869,2,0.25,0.25,0.5,1
61870,0.8,0,0.2,0.4,0.2
61871,1.25,0,0.25,0.5,0.5
61873,1.6,0.2,0.2,0.8,0.4
61877,0.333333333333333,0,0.111111111111111,0.111111111111111,0.111111111111111
61879,0,0,0,0,0
61881,3,1,0.5,1,0.5
61882,2.6,1,0,0.8,0.8
61887,1.5,0.25,0,0.75,0.5
61888,2.33333333333333,0,0.666666666666667,1,0.666666666666667
61889,1.33333333333333,0.0833333333333333,0.0833333333333333,0.666666666666667,0.5
61890,0.666666666666667,0,0,0.666666666666667,0
61891,1,0,0,0.5,0.5
61892,0.857142857142857,0.285714285714286,0.142857142857143,0.285714285714286,0.142857142857143
61893,0.333333333333333,0,0,0,0.333333333333333
61894,1,0,0,0.666666666666667,0.333333333333333
61896,2,0.5,0.5,0.5,0.5
61897,1,0.25,0.25,0.25,0.25
61900,1.14285714285714,0.285714285714286,0.142857142857143,0.428571428571429,0.285714285714286
61902,0,0,0,0,0
61903,2.33333333333333,0,0.666666666666667,1,0.666666666666667
61905,3,0.75,0.25,1,1
61906,1,0.111111111111111,0,0.555555555555556,0.333333333333333
61908,0.5,0,0,0.25,0.25
61910,0,0,0,0,0
61911,2,0,0.5,1,0.5
61912,2,1,0,0,1
61913,0.875,0,0,0.625,0.25
61914,2,0.4,0.2,0.8,0.6
61916,0,0,0,0,0
61919,1.77777777777778,0.777777777777778,0.111111111111111,0.555555555555556,0.333333333333333
61922,2.33333333333333,0.333333333333333,0.666666666666667,0.666666666666667,0.666666666666667
61923,2,1,0,0.5,0.5
61924,2,0,0.666666666666667,0.666666666666667,0.666666666666667
61925,1.14285714285714,0.142857142857143,0.285714285714286,0.285714285714286,0.428571428571429
61926,0.6,0,0.2,0.2,0.2
61927,1.33333333333333,0,0.666666666666667,0.333333333333333,0.333333333333333
61929,0,0,0,0,0
61930,0.8,0,0.2,0.4,0.2
61931,0.333333333333333,0,0,0,0.333333333333333
61932,2,0,0.5,1,0.5
61933,2.33333333333333,0.666666666666667,0.333333333333333,0.666666666666667,0.666666666666667
61934,2,0,0,1,1
61935,0.833333333333333,0,0,0.5,0.333333333333333
61936,0.8,0.2,0,0.2,0.4
61937,2.66666666666667,0.666666666666667,0.333333333333333,1,0.666666666666667
61943,2.5,1,0.5,0.5,0.5
61944,2.83333333333333,1.33333333333333,0.166666666666667,0.833333333333333,0.5
61945,1.33333333333333,0,0,0.666666666666667,0.666666666666667
61946,0.666666666666667,0,0.333333333333333,0,0.333333333333333
61950,1.6,0,0.4,0.6,0.6
61951,2.66666666666667,0.666666666666667,0.666666666666667,0.666666666666667,0.666666666666667
61952,2.8,1.4,0.2,0.6,0.6
61953,2.75,1.5,0,1,0.25
61954,1.6,0,0.6,0.4,0.6
61955,1.5,0,0,0.75,0.75
61959,0.333333333333333,0,0,0,0.333333333333333
61960,0,0,0,0,0
61963,1,0,0.125,0.375,0.5
61966,0.75,0,0,0.5,0.25
61967,0.5,0,0,0.25,0.25
61968,1.25,0.25,0,0.75,0.25
61969,0.75,0,0.25,0.25,0.25
61973,2,0,0,1,1
61979,0.25,0,0,0,0.25
61980,0.666666666666667,0,0,0.333333333333333,0.333333333333333
61981,1.5,0.75,0,0.5,0.25
61983,2,0.5,0,1,0.5
61985,2.33333333333333,0.5,0.333333333333333,0.833333333333333,0.666666666666667
61986,1.75,1,0.125,0.5,0.125
61987,1.66666666666667,0,0.333333333333333,0.666666666666667,0.666666666666667
61988,1.5,0.75,0.25,0.25,0.25
61990,0.25,0,0,0,0.25
61991,0.666666666666667,0,0,0,0.666666666666667
61992,1.44444444444444,0.888888888888889,0,0.555555555555556,0
61993,0,0,0,0,0
61994,2.5,1,0.333333333333333,0.666666666666667,0.5
61995,0.428571428571429,0,0.142857142857143,0.142857142857143,0.142857142857143
61996,0.2,0,0,0,0.2
61997,1.66666666666667,0,0.333333333333333,0.666666666666667,0.666666666666667
61998,0,0,0,0,0
61999,0.166666666666667,0,0,0.166666666666667,0
62007,1.2,0,0.4,0.4,0.4
62008,3,0.666666666666667,0.333333333333333,1,1
62014,2.66666666666667,0.666666666666667,0.666666666666667,0.666666666666667,0.666666666666667
62016,1.5,0.125,0.25,0.75,0.375
62030,0,0,0,0,0
62031,0.333333333333333,0,0,0.333333333333333,0
62032,1.25,0.25,0.25,0.5,0.25
62033,0.75,0,0.25,0.25,0.25
62034,2,0,0.6,0.8,0.6
62035,1,0,0.666666666666667,0,0.333333333333333
62040,2,0,1,0,1
62041,1.4,0,0.2,0.6,0.6
62042,3.5,2,0,0.5,1
62043,1.5,1,0.25,0,0.25
62044,2,0.2,0.6,0.6,0.6
62047,1.66666666666667,0,0.333333333333333,1,0.333333333333333
62048,1,0,0,0.75,0.25
62049,1,0,0,0.666666666666667,0.333333333333333
62051,1.66666666666667,0,0.333333333333333,0.666666666666667,0.666666666666667
62054,1.77777777777778,0,0.111111111111111,0.888888888888889,0.777777777777778
62058,0.857142857142857,0,0,0.428571428571429,0.428571428571429
62060,1,0,0.25,0.75,0
62061,1.4,0,0,0.8,0.6
62064,1.25,0.25,0.25,0.5,0.25
62065,1.5,0,0.5,0.5,0.5
62067,1,0.5,0,0.5,0
62069,0,0,0,0,0
62070,0.285714285714286,0,0,0.285714285714286,0
62071,2,0.666666666666667,0,0.666666666666667,0.666666666666667
62072,1.16666666666667,0.5,0,0.333333333333333,0.333333333333333
62075,5,2,1,1,1
62077,1.66666666666667,0.333333333333333,0.333333333333333,0.666666666666667,0.333333333333333
62078,3.75,1.5,0.25,1,1
62080,1.375,0,0.125,0.75,0.5
62081,1.25,0,0,1,0.25
62084,2.5,1,0,1,0.5
62085,2.33333333333333,0.666666666666667,0.333333333333333,0.666666666666667,0.666666666666667
62087,2,0.8,0.2,0.4,0.6
62088,0.6,0,0,0.4,0.2
62089,1.25,0,0.25,0.5,0.5
62090,0.666666666666667,0,0,0.333333333333333,0.333333333333333
62091,0.714285714285714,0,0.285714285714286,0.285714285714286,0.142857142857143
62092,1.5,0.666666666666667,0,0.666666666666667,0.166666666666667
62093,2.25,0.75,0.25,0.75,0.5
62094,2.25,0.75,0,1,0.5
62095,0.2,0,0,0.2,0
62096,2,0.333333333333333,0.333333333333333,0.666666666666667,0.666666666666667
62097,1.25,0.25,0.25,0.5,0.25
62098,2.66666666666667,1,0,1,0.666666666666667
62099,1.33333333333333,0.666666666666667,0,0,0.666666666666667
62101,1,0,0,0.5,0.5
62110,4,1,1,1,1
62112,0.25,0,0,0,0.25
62113,0.666666666666667,0,0,0.333333333333333,0.333333333333333
62114,0.25,0,0,0.25,0
62115,1.875,0.875,0.125,0.375,0.5
62117,2,0,0.5,1,0.5
62119,0.666666666666667,0,0,0.333333333333333,0.333333333333333
62121,1,0,0.333333333333333,0.333333333333333,0.333333333333333
62122,1.25,0,0,0.75,0.5
62123,0.666666666666667,0,0.166666666666667,0.166666666666667,0.333333333333333
62124,1.5,0.166666666666667,0.166666666666667,1,0.166666666666667
62125,1.5,0,0.5,0.5,0.5
62126,2.5,0,0.25,1,1.25
62127,1,0,0,0.666666666666667,0.333333333333333
62132,2,0.666666666666667,0.333333333333333,0.666666666666667,0.333333333333333
62133,0.333333333333333,0,0,0.166666666666667,0.166666666666667
62134,1.5,0,0.5,0.5,0.5
62135,2,1.2,0,0.6,0.2
62136,0.4,0,0,0.4,0
62137,1.66666666666667,0.166666666666667,0.333333333333333,0.666666666666667,0.5
62138,2,0.666666666666667,0,0.666666666666667,0.666666666666667
62144,1.75,0.25,0.25,0.5,0.75
62146,2.5,1,0.5,0.5,0.5
62147,1.4,0.8,0,0.4,0.2
62148,0,0,0,0,0
62149,3,1.66666666666667,0.166666666666667,0.833333333333333,0.333333333333333
62150,1.2,0.4,0.2,0.2,0.4
62153,1.66666666666667,0,0,0.666666666666667,1
62156,1.5,0.25,0.25,0.5,0.5
62158,0.8,0,0,0.6,0.2
62163,1.66666666666667,0,0.333333333333333,0.666666666666667,0.666666666666667
62165,0,0,0,0,0
62166,3,1,0,1,1
62168,2.2,0.6,0.2,0.6,0.8
62169,1.25,0,0.25,0.5,0.5
62173,2,0,0.5,0.75,0.75
62177,0.857142857142857,0,0,0.428571428571429,0.428571428571429
62178,1.16666666666667,0,0,0.666666666666667,0.5
62179,1.16666666666667,0,0.166666666666667,0.5,0.5
62181,0.666666666666667,0,0,0.333333333333333,0.333333333333333
62184,0.857142857142857,0,0.142857142857143,0.428571428571429,0.285714285714286
62186,0.5,0,0.166666666666667,0.333333333333333,0
62188,2.4,0,0,1,1.4
62189,2,0.142857142857143,0.428571428571429,0.714285714285714,0.714285714285714
62196,3,0.666666666666667,0.333333333333333,1,1
62197,0,0,0,0,0
62198,0,0,0,0,0
62199,2,0.25,0.25,1,0.5
62202,1.33333333333333,0,0,0.666666666666667,0.666666666666667
62204,1.5,0,0.25,0.75,0.5
62205,3,0,1,1,1
62208,0.5,0,0,0,0.5
62209,1.66666666666667,0.666666666666667,0.333333333333333,0.333333333333333,0.333333333333333
62211,2,0.5,0.5,0.5,0.5
62212,2.66666666666667,0,0,1,1.66666666666667
62213,0.5,0,0,0.333333333333333,0.166666666666667
62214,1.75,0.25,0.5,0.5,0.5
62219,1.66666666666667,0,0,0.833333333333333,0.833333333333333
62220,2,0,0,1,1
62221,0,0,0,0,0
62222,0,0,0,0,0
62228,1,0,0,0.8,0.2
62230,1.5,0,0.1,0.9,0.5
62232,0.4,0,0,0.2,0.2
62235,0.8,0,0,0.2,0.6
62237,1,0.166666666666667,0.333333333333333,0.5,0
62244,0.6,0,0.2,0.4,0
62248,0.5,0,0.25,0,0.25
62249,0,0,0,0,0
62250,0.333333333333333,0,0,0,0.333333333333333
62251,3,1.33333333333333,0.333333333333333,0.666666666666667,0.666666666666667
62252,0.5,0,0,0.25,0.25
62253,1.75,0,0.25,0.75,0.75
62254,1.6,0.8,0,0.8,0
62255,1.8,0.2,0.6,0.4,0.6
62258,1.33333333333333,0.333333333333333,0.333333333333333,0.333333333333333,0.333333333333333
62262,1,0.5,0,0.5,0
62263,0.25,0,0,0.25,0
62269,0,0,0,0,0
62271,1.33333333333333,0.333333333333333,0,0.666666666666667,0.333333333333333
62274,0,0,0,0,0
62275,1.75,0,0.25,1,0.5
62276,2.66666666666667,1.33333333333333,0.333333333333333,0.666666666666667,0.333333333333333
62277,2.8,1,0.2,0.8,0.8
62279,1,0,0,0.5,0.5
62280,0.875,0,0,0.75,0.125
62282,0,0,0,0,0
62283,1.33333333333333,0,0.333333333333333,0.666666666666667,0.333333333333333
62284,0.75,0,0.25,0.25,0.25
62285,0.4,0,0,0.4,0
62286,0.8,0,0,0.6,0.2
62287,0,0,0,0,0
62288,4,2,0,1,1
62289,3.5,2.5,0,1,0
62290,1.66666666666667,0,0.666666666666667,0.333333333333333,0.666666666666667
62291,2.28571428571429,0.428571428571429,0.428571428571429,0.714285714285714,0.714285714285714
62292,1.66666666666667,0.666666666666667,0,0.666666666666667,0.333333333333333
62293,1.75,0,0.5,0.25,1
62294,2,0.666666666666667,0.5,0.666666666666667,0.166666666666667
62295,0.142857142857143,0,0,0.142857142857143,0
62296,0.444444444444444,0.111111111111111,0,0.222222222222222,0.111111111111111
62299,0.25,0,0,0,0.25
62301,1.33333333333333,0,0,1,0.333333333333333
62304,1.5,0.5,0,0.5,0.5
62305,3.6,1.6,0.2,1,0.8
62306,0.5,0,0.166666666666667,0.166666666666667,0.166666666666667
62307,0.714285714285714,0,0.142857142857143,0.571428571428571,0
62313,2.33333333333333,1.33333333333333,0.333333333333333,0.666666666666667,0
62314,2.5,1,0.5,0.5,0.5
62320,0.833333333333333,0,0,0.333333333333333,0.5
62321,0,0,0,0,0
62323,2,0.8,0,1,0.2
62327,0,0,0,0,0
62331,0.875,0.125,0.125,0.375,0.25
62334,1.2,0.5,0,0.7,0
62335,0,0,0,0,0
62336,2,0.75,0,1,0.25
62337,0.5,0,0,0.5,0
62339,0.666666666666667,0,0.333333333333333,0,0.333333333333333
62349,1,0,0.5,0.5,0
62351,1,0,0,0.6,0.4
62355,1,0,0,0.333333333333333,0.666666666666667
62365,3,1,0.333333333333333,1,0.666666666666667
62380,2,0,0.666666666666667,0.666666666666667,0.666666666666667
62381,0,0,0,0,0
62390,2,0.2,0.2,0.8,0.8
62392,2,0.857142857142857,0.285714285714286,0.571428571428571,0.285714285714286
62394,4,1.5,0.5,1,1
62403,1.5,0,0.25,0.5,0.75
62409,1.14285714285714,0,0.285714285714286,0.571428571428571,0.285714285714286
62456,2.33333333333333,0.666666666666667,0.333333333333333,0.666666666666667,0.666666666666667
62465,0.75,0,0,0.5,0.25
