"","CASE_ID","KindServiceFamily","NumHousingFamily","NumBehaviorFamily","NumNutritionFamily","NumMentalFamily"
"1",28892,1,0,0,0,1
"2",28994,3,2,0,1,1
"3",29003,4,2,1,1,1
"4",29057,4,1,1,1,1
"5",29128,2,0,0,1,1
"6",29164,3,1,0,1,1
"7",29206,4,1,1,1,1
"8",29350,4,2,1,1,1
"9",29521,4,3,1,1,1
"10",29540,4,1,1,1,1
"11",29578,3,1,0,1,1
"12",29589,3,0,1,1,1
"13",29594,4,1,1,1,1
"14",29646,4,2,1,1,1
"15",29666,4,1,1,1,1
"16",29668,4,2,1,1,1
"17",29671,2,0,0,1,1
"18",29679,3,0,1,1,1
"19",29710,4,3,1,1,2
"20",29734,4,2,1,1,1
"21",29901,4,1,1,1,1
"22",29913,3,1,0,1,1
"23",29935,3,1,0,1,2
"24",29968,3,2,0,1,1
"25",29980,3,1,1,1,0
"26",30096,3,2,0,1,1
"27",30100,4,1,1,1,1
"28",30102,3,1,0,1,1
"29",30151,4,2,1,1,1
"30",30163,4,2,1,1,1
"31",30171,4,2,1,1,1
"32",30249,2,0,0,1,1
"33",30290,1,0,0,0,1
"34",30342,4,2,1,1,1
"35",30346,3,0,1,1,1
"36",30368,4,2,1,1,2
"37",30383,4,1,1,1,1
"38",30442,4,1,1,1,1
"39",30444,4,2,1,1,1
"40",30452,4,3,1,1,1
"41",30495,4,1,1,1,1
"42",30516,3,2,0,1,2
"43",30572,4,1,1,1,1
"44",30643,4,1,1,1,1
"45",30645,4,2,1,1,1
"46",30648,3,1,0,1,1
"47",30670,4,1,1,1,1
"48",30701,4,2,1,1,1
"49",30737,4,3,1,1,1
"50",30743,3,1,0,1,1
"51",30747,4,1,1,1,1
"52",30772,4,1,1,1,1
"53",30779,4,2,1,1,1
"54",30788,3,0,1,1,1
"55",30869,3,0,1,1,2
"56",30901,3,2,0,1,1
"57",30902,4,1,1,1,1
"58",30905,3,0,1,1,1
"59",30943,4,2,1,1,1
"60",30990,4,2,1,1,2
"61",31041,4,3,1,1,1
"62",31052,4,1,1,1,1
"63",31053,3,0,1,1,1
"64",31119,4,2,1,1,1
"65",31188,4,2,1,1,1
"66",31197,4,2,1,1,1
"67",31209,4,2,1,1,1
"68",31219,3,0,1,1,1
"69",31258,4,1,1,1,1
"70",31285,3,0,1,1,2
"71",31314,4,1,1,1,1
"72",31316,4,1,1,1,1
"73",31339,4,1,1,1,1
"74",31341,4,1,1,1,1
"75",31368,4,3,1,1,1
"76",31520,3,0,1,1,1
"77",31523,4,2,1,1,1
"78",31524,3,0,1,1,1
"79",31540,3,3,0,1,2
"80",31600,4,2,1,1,1
"81",31610,4,3,1,1,1
"82",31652,4,2,1,1,1
"83",31659,4,1,1,1,1
"84",31661,4,1,1,1,1
"85",31683,4,1,1,1,1
"86",31707,3,1,0,1,1
"87",31712,4,1,1,1,1
"88",31718,4,3,1,1,1
"89",31734,4,2,1,1,1
"90",31772,4,2,1,1,2
"91",31779,4,3,1,1,1
"92",31782,4,2,1,1,1
"93",31795,2,0,0,1,1
"94",31796,4,3,1,1,1
"95",31812,4,1,1,1,1
"96",31826,4,2,1,1,1
"97",31835,4,3,1,1,1
"98",31837,4,1,1,1,1
"99",31853,3,0,1,1,1
"100",31856,2,0,0,1,1
"101",31869,4,2,1,1,2
"102",31884,4,3,1,1,1
"103",31942,4,2,1,1,2
"104",31962,4,1,1,1,1
"105",31978,3,0,1,1,1
"106",31991,4,2,1,1,1
"107",31999,4,3,1,1,1
"108",32007,3,3,0,1,1
"109",32048,4,2,1,1,2
"110",32055,4,1,1,1,1
"111",32078,4,3,1,1,1
"112",32086,4,1,1,1,1
"113",32091,4,1,1,1,1
"114",32095,4,1,1,1,1
"115",32124,4,1,1,1,1
"116",32169,4,2,1,1,1
"117",32209,2,0,0,1,1
"118",32274,4,1,1,1,1
"119",32301,4,1,1,1,1
"120",32324,3,1,0,1,1
"121",32334,3,0,1,1,1
"122",32397,4,1,1,1,1
"123",32418,4,2,1,1,2
"124",32428,4,1,1,1,1
"125",32478,4,1,1,1,1
"126",32542,4,2,1,1,1
"127",32604,3,0,1,1,1
"128",32613,4,2,1,1,1
"129",32615,4,1,1,1,1
"130",32659,4,3,1,1,1
"131",32668,3,1,0,1,1
"132",32680,4,1,1,1,1
"133",32716,4,2,1,1,1
"134",32731,4,2,1,1,2
"135",32754,2,0,0,1,2
"136",32790,4,1,1,1,1
"137",32801,1,0,0,0,1
"138",32809,4,2,1,1,1
"139",32839,2,0,0,1,1
"140",32902,4,2,1,1,1
"141",32945,4,1,1,1,1
"142",32961,4,2,1,1,1
"143",32980,3,0,1,1,1
"144",32993,2,0,1,0,1
"145",33098,3,0,1,1,2
"146",33101,4,1,1,1,1
"147",33102,4,1,1,1,1
"148",33135,3,0,1,1,2
"149",33138,4,1,1,1,1
"150",33139,4,2,1,1,1
"151",33170,3,0,1,1,1
"152",33197,4,1,1,1,1
"153",33255,3,0,1,1,1
"154",33268,4,2,1,1,1
"155",33274,4,1,1,1,1
"156",33289,4,2,1,1,1
"157",33301,4,1,1,1,1
"158",33339,4,1,1,1,1
"159",33342,4,3,1,1,1
"160",33349,2,0,0,1,1
"161",33366,3,0,1,1,1
"162",33405,4,2,1,1,1
"163",33410,1,0,0,1,0
"164",33413,4,3,1,1,1
"165",33453,4,3,1,1,1
"166",33472,3,2,0,1,1
"167",33514,4,1,1,1,1
"168",33598,4,2,1,1,1
"169",33624,4,1,1,1,1
"170",33648,4,2,1,1,1
"171",33651,3,0,1,1,1
"172",33671,3,0,1,1,1
"173",33673,4,2,1,1,1
"174",33692,4,1,1,1,1
"175",33693,0,0,0,0,0
"176",33700,3,2,0,1,1
"177",33724,2,0,0,1,1
"178",33771,3,0,1,1,1
"179",33809,2,0,0,1,1
"180",33820,4,3,1,1,1
"181",33824,4,3,1,1,1
"182",33841,4,1,1,1,1
"183",33876,3,0,1,1,1
"184",33902,3,0,1,1,1
"185",33904,3,0,1,1,1
"186",33941,3,1,1,1,0
"187",33950,4,2,1,1,1
"188",33958,2,0,0,1,1
"189",34021,3,0,1,1,1
"190",34082,4,1,1,1,1
"191",34126,4,3,1,1,2
"192",34145,4,3,1,1,1
"193",34154,4,1,1,1,1
"194",34155,4,1,1,1,1
"195",34193,3,2,0,1,1
"196",34279,4,3,1,1,1
"197",34312,4,2,1,1,1
"198",34319,3,0,1,1,1
"199",34341,4,2,1,1,1
"200",34622,4,1,1,1,1
"201",34771,4,1,1,1,1
"202",34779,2,0,0,1,1
"203",34815,4,1,1,1,1
"204",34842,4,1,1,1,1
"205",34851,4,3,1,1,1
"206",34866,4,3,1,1,1
"207",34868,2,0,0,1,1
"208",34871,1,0,0,1,0
"209",34889,2,0,0,1,1
"210",34896,4,1,1,1,1
"211",34902,4,1,1,1,1
"212",34933,4,1,1,1,1
"213",34938,2,0,0,1,1
"214",35045,4,1,1,1,1
"215",35070,4,1,1,1,1
"216",35095,3,0,1,1,1
"217",35137,4,1,1,1,1
"218",35211,4,1,1,1,1
"219",35279,3,0,1,1,1
"220",35292,4,1,1,1,1
"221",35343,4,2,1,1,1
"222",35460,4,1,1,1,1
"223",35475,4,2,1,1,1
"224",35485,4,2,1,1,1
"225",35486,4,1,1,1,1
"226",35495,4,1,1,1,1
"227",36008,4,1,1,1,1
"228",36714,3,1,0,1,1
"229",37967,4,2,1,1,1
"230",38507,4,1,1,1,1
"231",39033,4,2,1,1,1
"232",39138,4,2,1,1,1
"233",39146,4,1,1,1,1
"234",39179,3,0,1,1,1
"235",39962,4,2,1,1,1
"236",40541,1,0,0,1,0
"237",40747,4,2,1,1,1
"238",41622,4,2,1,1,2
"239",41785,3,1,0,1,1
"240",42009,4,1,1,1,2
"241",42049,4,1,1,1,1
"242",42175,2,0,0,1,1
"243",43069,4,2,1,1,1
"244",43283,1,0,0,1,0
"245",47057,3,0,1,1,1
"246",47089,4,2,1,1,1
"247",47106,3,0,1,1,1
"248",47149,4,2,1,1,1
"249",47157,3,0,1,1,1
"250",47220,3,0,1,1,2
"251",47253,3,0,1,1,1
"252",47271,4,1,1,1,1
"253",47289,3,0,1,1,1
"254",47530,4,3,1,1,1
"255",47536,2,0,0,1,1
"256",47572,4,2,1,1,1
"257",47573,3,0,1,1,1
"258",47590,4,1,1,1,1
"259",47592,3,2,0,1,2
"260",47653,4,2,1,1,1
"261",47655,4,1,1,1,1
"262",47678,3,1,0,1,1
"263",47740,2,0,0,1,1
"264",47767,4,2,1,1,1
"265",47775,3,0,1,1,1
"266",47804,3,1,0,1,1
"267",47829,2,0,0,1,1
"268",48227,4,3,1,1,1
"269",48241,4,1,1,1,1
"270",48256,2,0,0,1,1
"271",48289,3,2,0,1,1
"272",48296,4,1,1,1,1
"273",48337,3,0,1,1,1
"274",48361,4,3,1,1,1
"275",48366,3,0,1,1,1
"276",48398,3,0,1,1,1
"277",48433,4,3,1,1,1
"278",48475,4,1,1,1,2
"279",48488,3,1,0,1,1
"280",48526,3,1,0,1,1
"281",48532,4,1,1,1,1
"282",48539,3,0,1,1,2
"283",48555,3,0,1,1,1
"284",48565,4,1,1,1,1
"285",48613,3,0,1,1,1
"286",48665,2,1,0,1,0
"287",48717,3,0,1,1,1
"288",48721,4,2,1,1,1
"289",48753,4,2,1,1,1
"290",48756,4,1,1,1,1
"291",48776,1,0,0,1,0
"292",48782,2,0,0,1,1
"293",48805,4,2,1,1,2
"294",48810,1,0,0,0,1
"295",48817,4,1,1,1,1
"296",48820,3,1,0,1,1
"297",48828,3,2,0,1,1
"298",48851,3,0,1,1,1
"299",48879,3,0,1,1,1
"300",48947,4,2,1,1,1
"301",49016,2,0,0,1,1
"302",49055,2,0,0,1,1
"303",49081,3,0,1,1,1
"304",49086,4,3,1,1,1
"305",49188,3,2,1,1,0
"306",49410,4,2,1,1,1
"307",49447,4,2,1,1,1
"308",49456,2,0,0,1,1
"309",49551,4,1,1,1,1
"310",49562,2,0,0,1,1
"311",49568,4,1,1,1,1
"312",49584,4,2,1,1,1
"313",49634,3,0,1,1,1
"314",49662,3,0,1,1,1
"315",49678,4,3,1,1,1
"316",49680,3,0,1,1,1
"317",49689,3,2,0,1,1
"318",49740,3,0,1,1,1
"319",49870,3,1,0,1,1
"320",49946,3,2,0,1,1
"321",50096,4,1,1,1,1
"322",50199,4,1,1,1,1
"323",50263,3,1,0,1,2
"324",50545,3,0,1,1,1
"325",50644,4,2,1,1,2
"326",50647,3,0,1,1,1
"327",50662,4,1,1,1,1
"328",50805,4,2,1,1,1
"329",50813,3,1,0,1,1
"330",50815,4,2,1,1,1
"331",50867,4,1,1,1,1
"332",50874,4,1,1,1,1
"333",50942,3,1,0,1,1
"334",50985,4,2,1,1,1
"335",51053,4,2,1,1,1
"336",51085,4,2,1,1,1
"337",51098,4,1,1,1,1
"338",51129,4,1,1,1,1
"339",51132,4,2,1,1,1
"340",51178,4,1,1,1,1
"341",51184,3,0,1,1,1
"342",51196,4,2,1,1,1
"343",51306,3,2,0,1,1
"344",51334,4,2,1,1,1
"345",51337,2,2,0,1,0
"346",51343,4,1,1,1,1
"347",51388,2,0,1,1,0
"348",51404,2,0,0,1,1
"349",51416,4,1,1,1,1
"350",51473,4,2,1,1,1
"351",51485,2,0,1,1,0
"352",51645,3,0,1,1,1
"353",51650,4,2,1,1,1
"354",51689,4,1,1,1,1
"355",51692,1,0,1,0,0
"356",51693,4,1,1,1,1
"357",51696,3,0,1,1,1
"358",51908,4,1,1,1,1
"359",51910,4,2,1,1,1
"360",51922,4,1,1,1,1
"361",51950,4,2,1,1,1
"362",52005,4,1,1,1,1
"363",52058,4,1,1,1,1
"364",52085,4,2,1,1,2
"365",52145,4,2,1,1,1
"366",52184,4,2,1,1,1
"367",52204,4,1,1,1,1
"368",52223,3,1,0,1,1
"369",52239,4,3,1,1,1
"370",52276,4,1,1,1,1
"371",52283,3,0,1,1,1
"372",52302,3,0,1,1,1
"373",52338,4,1,1,1,1
"374",52343,3,2,0,1,1
"375",52359,3,2,0,1,1
"376",52372,4,1,1,1,1
"377",52375,3,2,0,1,1
"378",52396,3,0,1,1,1
"379",52405,3,0,1,1,1
"380",52485,1,0,0,1,0
"381",52546,2,0,0,1,2
"382",52552,3,0,1,1,1
"383",52761,3,1,0,1,1
"384",52926,4,3,1,1,1
"385",52937,4,1,1,1,1
"386",52947,4,1,1,1,1
"387",52964,3,1,1,1,0
"388",52971,1,0,0,1,0
"389",52976,4,2,1,1,1
"390",53000,3,0,1,1,1
"391",53005,3,1,0,1,1
"392",53054,3,0,1,1,1
"393",53115,4,1,1,1,1
"394",53194,2,0,0,1,1
"395",53200,4,1,1,1,1
"396",53205,4,2,1,1,1
"397",53215,3,0,1,1,1
"398",53264,3,0,1,1,1
"399",53266,3,1,0,1,1
"400",53282,4,2,1,1,1
"401",53305,3,1,0,1,1
"402",53410,1,1,0,0,0
"403",53426,2,0,0,1,1
"404",53432,4,1,1,1,1
"405",53446,4,1,1,1,1
"406",53534,4,2,1,1,1
"407",53561,4,1,1,1,1
"408",53573,4,1,1,1,1
"409",53575,4,3,1,1,1
"410",53603,4,3,1,1,1
"411",53659,3,0,1,1,1
"412",53673,3,0,1,1,1
"413",53679,4,1,1,1,1
"414",53688,1,0,0,1,0
"415",53742,3,1,0,1,1
"416",53793,4,2,1,1,1
"417",53838,3,0,1,1,1
"418",53929,3,1,0,1,1
"419",53948,4,2,1,1,1
"420",54075,4,3,1,1,1
"421",54083,4,2,1,1,1
"422",54120,4,2,1,1,1
"423",54125,3,1,0,1,1
"424",54158,4,2,1,1,1
"425",54179,3,0,1,1,1
"426",54207,3,0,1,1,1
"427",54231,4,1,1,1,1
"428",54237,3,1,0,1,1
"429",54256,4,2,1,1,2
"430",54269,4,2,1,1,1
"431",54285,4,1,1,1,1
"432",54390,4,2,1,1,1
"433",54394,4,1,1,1,1
"434",54427,3,2,0,1,1
"435",54505,4,1,1,1,1
"436",54538,2,0,0,1,1
"437",54586,3,2,0,1,2
"438",54600,3,0,1,1,1
"439",54642,4,1,1,1,1
"440",54680,4,1,1,1,1
"441",54686,3,0,1,1,1
"442",54748,4,1,1,1,1
"443",54758,4,3,1,1,1
"444",54781,3,0,1,1,1
"445",54788,4,3,1,1,1
"446",54814,4,2,1,1,1
"447",54856,4,1,1,1,1
"448",54859,3,0,1,1,1
"449",54874,4,2,1,1,1
"450",54935,3,2,0,1,1
"451",54949,4,1,1,1,1
"452",54950,4,2,1,1,1
"453",54954,2,0,0,1,1
"454",54968,3,0,1,1,1
"455",55040,4,2,1,1,1
"456",55059,4,1,1,1,2
"457",55101,4,1,1,1,1
"458",55112,4,3,1,1,1
"459",55133,4,1,1,1,1
"460",55136,4,2,1,1,1
"461",55175,4,1,1,1,1
"462",55198,4,1,1,1,1
"463",55219,4,1,1,1,2
"464",55236,3,1,0,1,1
"465",55245,2,0,0,1,1
"466",55273,3,0,1,1,1
"467",55335,4,2,1,1,1
"468",55383,3,1,0,1,1
"469",55392,2,0,0,1,1
"470",55504,3,0,1,1,1
"471",55525,4,1,1,1,1
"472",55600,4,3,1,1,1
"473",55615,4,1,1,1,1
"474",55623,3,1,0,1,1
"475",55700,4,1,1,1,1
"476",55719,3,0,1,1,1
"477",55823,3,1,0,1,1
"478",55839,3,0,1,1,1
"479",55841,2,2,0,1,0
"480",55869,3,0,1,1,1
"481",55881,3,1,0,1,1
"482",55993,4,3,1,1,1
"483",56007,4,1,1,1,1
"484",56008,4,3,1,1,1
"485",56103,4,1,1,1,1
"486",56115,4,2,1,1,1
"487",56122,3,0,1,1,1
"488",56127,3,2,0,1,1
"489",56141,3,0,1,1,1
"490",56156,3,1,0,1,1
"491",56183,2,0,0,1,1
"492",56191,3,1,1,1,0
"493",56197,4,1,1,1,1
"494",56237,3,0,1,1,1
"495",56265,2,0,0,1,1
"496",56306,3,1,0,1,1
"497",56314,4,2,1,1,1
"498",56318,4,1,1,1,1
"499",56319,1,0,0,0,1
"500",56370,2,0,0,1,1
"501",56397,3,2,0,1,1
"502",56405,2,0,0,1,1
"503",56490,3,0,1,1,1
"504",56499,3,0,1,1,1
"505",56504,4,2,1,1,1
"506",56525,3,0,1,1,1
"507",56531,3,1,0,1,1
"508",56538,3,0,1,1,1
"509",56549,2,0,0,1,1
"510",56561,2,0,0,1,1
"511",56588,4,3,1,1,1
"512",56638,3,0,1,1,1
"513",56660,4,1,1,1,1
"514",56685,4,1,1,1,1
"515",56693,4,1,1,1,1
"516",56725,3,2,0,1,1
"517",56744,3,0,1,1,2
"518",56768,4,2,1,1,1
"519",56799,4,2,1,1,1
"520",56804,4,1,1,1,1
"521",56813,3,2,0,1,1
"522",56840,4,2,1,1,1
"523",56847,2,0,0,1,1
"524",56860,3,0,1,1,1
"525",56865,4,1,1,1,1
"526",56912,3,0,1,1,1
"527",56925,3,0,1,1,1
"528",57046,4,1,1,1,1
"529",57088,3,0,1,1,1
"530",57145,1,0,0,1,0
"531",57158,4,1,1,1,1
"532",57164,3,0,1,1,1
"533",57171,3,0,1,1,1
"534",57217,4,1,1,1,1
"535",57274,3,0,1,1,1
"536",57303,4,2,1,1,2
"537",57410,3,0,1,1,1
"538",57436,1,0,0,0,1
"539",57444,3,1,0,1,1
"540",57490,2,1,0,1,0
"541",57492,4,2,1,1,1
"542",57509,2,0,0,1,1
"543",57525,3,1,0,1,1
"544",57556,4,1,1,1,1
"545",57623,3,0,1,1,1
"546",57630,4,2,1,1,1
"547",57663,4,1,1,1,1
"548",57683,4,1,1,1,1
"549",57697,4,2,1,1,1
"550",57698,4,2,1,1,1
"551",57728,3,0,1,1,1
"552",57732,4,1,1,1,1
"553",57744,4,1,1,1,1
"554",57759,0,0,0,0,0
"555",57816,2,0,0,1,1
"556",57840,4,1,1,1,1
"557",57870,4,3,1,1,1
"558",57887,2,0,0,1,1
"559",57972,3,0,1,1,1
"560",58022,4,1,1,1,1
"561",58040,4,2,1,1,1
"562",58080,4,1,1,1,1
"563",58092,3,0,1,1,1
"564",58181,3,1,0,1,1
"565",58232,4,2,1,1,1
"566",58245,4,1,1,1,1
"567",58280,4,2,1,1,1
"568",58291,4,2,1,1,1
"569",58302,0,0,0,0,0
"570",58339,4,2,1,1,1
"571",58347,3,1,0,1,1
"572",58379,4,2,1,1,1
"573",58381,2,0,0,1,1
"574",58383,4,1,1,1,1
"575",58406,4,1,1,1,1
"576",58427,2,0,0,1,1
"577",58428,3,0,1,1,1
"578",58431,4,2,1,1,1
"579",58447,4,2,1,1,1
"580",58451,3,0,1,1,1
"581",58463,3,0,1,1,1
"582",58492,4,3,1,1,1
"583",58552,4,1,1,1,1
"584",58561,3,0,1,1,1
"585",58583,4,1,1,1,1
"586",58618,4,2,1,1,1
"587",58638,4,1,1,1,1
"588",58643,4,1,1,1,1
"589",58668,3,3,0,1,1
"590",58697,2,0,0,1,1
"591",58702,3,1,0,1,1
"592",58704,3,1,0,1,1
"593",58712,4,1,1,1,1
"594",58723,4,2,1,1,1
"595",58734,4,1,1,1,1
"596",58735,4,1,1,1,1
"597",58761,0,0,0,0,0
"598",58784,3,0,1,1,1
"599",58787,4,2,1,1,1
"600",58802,4,1,1,1,1
"601",58824,4,2,1,1,1
"602",58844,4,1,1,1,1
"603",58857,4,1,1,1,1
"604",58973,4,3,1,1,1
"605",58994,4,1,1,1,1
"606",58998,2,0,0,1,1
"607",58999,3,0,1,1,1
"608",59012,4,2,1,1,1
"609",59034,3,0,1,1,2
"610",59036,3,3,0,1,1
"611",59054,4,2,1,1,1
"612",59086,3,0,1,1,1
"613",59093,4,2,1,1,1
"614",59110,3,0,1,1,1
"615",59156,4,1,1,1,1
"616",59162,4,2,1,1,1
"617",59180,3,0,1,1,1
"618",59226,3,0,1,1,1
"619",59233,4,1,1,1,1
"620",59263,4,1,1,1,1
"621",59282,3,0,1,1,1
"622",59384,4,2,1,1,1
"623",59398,4,2,1,1,1
"624",59433,2,0,0,1,2
"625",59457,3,1,0,1,1
"626",59458,4,1,1,1,1
"627",59465,2,1,0,1,0
"628",59476,3,2,0,1,1
"629",59486,4,1,1,1,1
"630",59512,3,1,0,1,1
"631",59576,2,0,0,1,1
"632",59592,4,2,1,1,1
"633",59605,3,1,0,1,1
"634",59632,4,1,1,1,1
"635",59661,4,1,1,1,1
"636",59663,2,0,0,1,1
"637",59677,2,0,0,1,1
"638",59679,4,3,1,1,1
"639",59693,4,2,1,1,1
"640",59697,4,2,1,1,1
"641",59717,2,0,0,1,1
"642",59722,3,0,1,1,1
"643",59765,3,2,0,1,1
"644",59783,1,0,0,0,1
"645",59798,3,0,1,1,1
"646",59815,4,2,1,1,1
"647",59841,4,3,1,1,2
"648",59855,3,0,1,1,1
"649",59883,3,2,0,1,1
"650",59888,4,3,1,1,1
"651",59899,4,1,1,1,1
"652",59906,4,1,1,1,1
"653",60003,3,0,1,1,1
"654",60033,2,0,1,1,0
"655",60035,3,2,0,1,1
"656",60064,4,2,1,1,1
"657",60071,3,1,1,1,0
"658",60083,3,0,1,1,1
"659",60090,4,1,1,1,1
"660",60103,4,1,1,1,1
"661",60111,4,1,1,1,1
"662",60132,3,0,1,1,1
"663",60133,2,0,1,0,1
"664",60166,4,3,1,1,1
"665",60173,2,0,1,0,1
"666",60180,4,1,1,1,1
"667",60205,4,1,1,1,2
"668",60250,3,0,1,1,1
"669",60298,4,2,1,1,1
"670",60334,4,1,1,1,1
"671",60372,4,2,1,1,1
"672",60374,4,3,1,1,1
"673",60380,3,0,1,1,1
"674",60383,1,0,0,0,1
"675",60400,0,0,0,0,0
"676",60410,4,2,1,1,1
"677",60414,3,0,1,1,1
"678",60416,0,0,0,0,0
"679",60441,1,0,0,0,1
"680",60456,4,2,1,1,1
"681",60497,3,2,0,1,1
"682",60516,4,1,1,1,1
"683",60533,4,1,1,1,1
"684",60543,3,0,1,1,1
"685",60549,3,2,0,1,1
"686",60604,1,0,0,1,0
"687",60612,4,2,1,1,1
"688",60633,3,0,1,1,1
"689",60639,4,2,1,1,1
"690",60643,3,0,1,1,1
"691",60671,2,0,0,1,1
"692",60680,4,1,1,1,1
"693",60694,1,0,0,0,1
"694",60697,3,0,1,1,1
"695",60699,1,0,0,1,0
"696",60700,3,2,0,1,1
"697",60701,2,0,0,1,1
"698",60706,4,1,1,1,1
"699",60707,1,0,1,0,0
"700",60710,3,0,1,1,1
"701",60713,4,1,1,1,1
"702",60715,3,1,0,1,1
"703",60718,4,2,1,1,1
"704",60719,1,0,0,1,0
"705",60720,3,1,0,1,1
"706",60723,3,1,0,1,1
"707",60729,3,0,1,1,1
"708",60730,3,0,1,1,1
"709",60731,4,1,1,1,1
"710",60735,3,0,1,1,1
"711",60736,3,0,1,1,1
"712",60738,1,0,0,1,0
"713",60740,2,2,0,1,0
"714",60741,4,2,1,1,1
"715",60743,3,1,1,1,0
"716",60744,3,0,1,1,1
"717",60745,2,0,0,1,1
"718",60747,3,1,0,1,1
"719",60750,4,2,1,1,1
"720",60752,4,1,1,1,1
"721",60753,3,0,1,1,1
"722",60755,3,1,0,1,1
"723",60756,2,0,0,1,1
"724",60760,2,0,0,1,1
"725",60762,2,0,0,1,1
"726",60764,3,0,1,1,1
"727",60766,4,1,1,1,1
"728",60767,3,0,1,1,1
"729",60770,2,0,1,1,0
"730",60771,3,0,1,1,1
"731",60772,3,0,1,1,1
"732",60774,1,0,0,1,0
"733",60777,2,0,0,1,1
"734",60781,3,0,1,1,1
"735",60782,3,0,1,1,1
"736",60787,4,1,1,1,1
"737",60788,4,1,1,1,1
"738",60789,4,1,1,1,1
"739",60793,4,1,1,1,1
"740",60794,4,1,1,1,1
"741",60799,3,0,1,1,1
"742",60806,1,0,0,0,1
"743",60807,1,1,0,0,0
"744",60811,1,0,0,1,0
"745",60814,3,1,0,1,1
"746",60817,2,2,0,1,0
"747",60818,2,0,0,1,1
"748",60820,3,0,1,1,1
"749",60821,4,1,1,1,1
"750",60822,3,0,1,1,1
"751",60823,3,2,0,1,1
"752",60825,3,0,1,1,1
"753",60829,3,0,1,1,1
"754",60836,4,2,1,1,1
"755",60838,3,0,1,1,1
"756",60839,2,0,0,1,1
"757",60841,3,0,1,1,1
"758",60842,2,0,0,1,1
"759",60843,3,0,1,1,1
"760",60847,3,1,0,1,1
"761",60850,4,1,1,1,1
"762",60852,4,1,1,1,1
"763",60853,1,0,0,0,1
"764",60854,2,0,0,1,1
"765",60856,2,0,0,1,1
"766",60857,2,0,0,1,1
"767",60859,1,0,0,1,0
"768",60862,3,0,1,1,1
"769",60863,3,2,0,1,1
"770",60864,3,0,1,1,1
"771",60869,2,0,0,1,1
"772",60870,3,0,1,1,1
"773",60871,3,0,1,1,1
"774",60872,3,3,0,1,1
"775",60873,3,2,0,1,1
"776",60874,4,1,1,1,1
"777",60875,0,0,0,0,0
"778",60876,4,1,1,1,1
"779",60877,2,1,0,1,0
"780",60878,2,0,0,1,1
"781",60882,2,0,0,1,1
"782",60883,4,3,1,1,1
"783",60884,2,0,0,1,1
"784",60885,0,0,0,0,0
"785",60888,2,0,0,1,1
"786",60889,3,1,1,1,0
"787",60890,2,0,0,1,1
"788",60893,4,2,1,1,1
"789",60895,4,1,1,1,1
"790",60896,3,1,0,1,1
"791",60897,2,0,0,1,1
"792",60900,4,1,1,1,1
"793",60901,3,0,1,1,1
"794",60902,1,0,0,0,1
"795",60903,3,0,1,1,1
"796",60904,4,3,1,1,1
"797",60906,2,1,0,0,1
"798",60907,3,0,1,1,1
"799",60908,2,0,0,1,1
"800",60909,3,0,1,1,1
"801",60914,3,0,1,1,1
"802",60915,0,0,0,0,0
"803",60916,3,1,0,1,1
"804",60919,3,2,0,1,1
"805",60920,4,1,1,1,1
"806",60921,3,0,1,1,1
"807",60923,4,1,1,1,1
"808",60925,3,0,1,1,1
"809",60928,2,1,0,1,0
"810",60929,3,0,1,1,1
"811",60930,4,1,1,1,1
"812",60932,4,1,1,1,1
"813",60937,4,2,1,1,1
"814",60938,2,1,0,1,0
"815",60943,2,0,0,1,1
"816",60945,3,1,0,1,1
"817",60946,3,0,1,1,1
"818",60948,4,1,1,1,1
"819",60949,2,0,0,1,1
"820",60950,3,1,0,1,1
"821",60951,3,1,0,1,1
"822",60953,4,1,1,1,1
"823",60961,4,2,1,1,1
"824",60962,3,0,1,1,1
"825",60964,3,1,0,1,1
"826",60966,4,1,1,1,1
"827",60967,3,0,1,1,1
"828",60968,0,0,0,0,0
"829",60969,3,0,1,1,1
"830",60970,4,2,1,1,1
"831",60971,0,0,0,0,0
"832",60972,4,1,1,1,1
"833",60975,4,1,1,1,1
"834",60978,4,2,1,1,1
"835",60979,1,0,0,1,0
"836",60980,2,0,1,1,0
"837",60983,3,0,1,1,1
"838",60984,4,1,1,1,1
"839",60986,3,0,1,1,1
"840",60988,3,2,0,1,1
"841",60989,3,2,0,1,1
"842",60990,3,1,0,1,1
"843",60991,3,0,1,1,1
"844",60994,4,1,1,1,1
"845",60995,3,0,1,1,1
"846",60996,2,0,0,1,1
"847",60998,3,0,1,1,1
"848",61000,4,1,1,1,1
"849",61002,3,0,1,1,1
"850",61003,2,0,0,1,1
"851",61005,1,0,0,0,1
"852",61006,2,1,0,1,0
"853",61010,0,0,0,0,0
"854",61011,4,2,1,1,1
"855",61014,4,1,1,1,1
"856",61015,2,0,0,1,1
"857",61020,2,0,0,1,1
"858",61022,3,0,1,1,1
"859",61023,3,0,1,1,1
"860",61024,4,1,1,1,2
"861",61025,4,1,1,1,1
"862",61026,1,0,0,0,1
"863",61029,2,0,0,1,1
"864",61033,3,1,1,1,0
"865",61035,2,0,0,1,1
"866",61037,3,2,0,1,1
"867",61039,3,0,1,1,1
"868",61040,4,1,1,1,1
"869",61041,3,0,1,1,1
"870",61043,4,1,1,1,1
"871",61044,3,0,1,1,1
"872",61045,4,2,1,1,1
"873",61047,3,0,1,1,1
"874",61053,2,0,1,1,0
"875",61054,2,0,0,1,1
"876",61055,2,0,0,1,1
"877",61056,3,1,0,1,1
"878",61057,4,1,1,1,1
"879",61058,3,0,1,1,1
"880",61060,3,2,0,1,1
"881",61061,4,2,1,1,1
"882",61062,0,0,0,0,0
"883",61063,4,3,1,1,2
"884",61064,3,2,0,1,1
"885",61065,4,1,1,1,1
"886",61066,4,1,1,1,1
"887",61067,3,1,0,1,1
"888",61068,3,1,0,1,1
"889",61071,1,0,0,0,1
"890",61073,4,1,1,1,1
"891",61074,4,3,1,1,1
"892",61080,2,0,0,1,1
"893",61083,4,1,1,1,2
"894",61084,3,2,0,1,1
"895",61085,3,0,1,1,1
"896",61086,1,0,0,1,0
"897",61089,0,0,0,0,0
"898",61095,4,1,1,1,1
"899",61096,3,1,0,1,1
"900",61100,4,1,1,1,1
"901",61101,1,0,0,0,1
"902",61103,0,0,0,0,0
"903",61104,2,0,1,0,1
"904",61106,4,1,1,1,1
"905",61109,1,0,0,0,1
"906",61110,4,2,1,1,1
"907",61111,1,0,0,1,0
"908",61112,3,0,1,1,1
"909",61115,0,0,0,0,0
"910",61116,2,0,0,1,1
"911",61117,3,2,0,1,1
"912",61118,2,0,0,1,1
"913",61119,1,0,0,1,0
"914",61120,4,2,1,1,1
"915",61121,4,2,1,1,1
"916",61122,3,0,1,1,1
"917",61123,2,0,1,1,0
"918",61128,3,0,1,1,1
"919",61129,3,0,1,1,1
"920",61130,3,0,1,1,1
"921",61133,2,0,1,1,0
"922",61134,4,1,1,1,1
"923",61135,1,0,0,1,0
"924",61136,2,0,1,1,0
"925",61137,3,0,1,1,1
"926",61142,3,0,1,1,1
"927",61144,1,0,0,1,0
"928",61145,2,0,0,1,1
"929",61146,2,0,0,1,1
"930",61148,4,1,1,1,1
"931",61151,2,0,0,1,1
"932",61152,4,1,1,1,1
"933",61156,4,1,1,1,1
"934",61158,4,1,1,1,1
"935",61159,1,0,0,1,0
"936",61160,3,1,0,1,1
"937",61162,4,1,1,1,1
"938",61163,3,2,0,1,1
"939",61164,3,0,1,1,1
"940",61166,3,1,0,1,1
"941",61167,3,0,1,1,1
"942",61168,3,0,1,1,1
"943",61170,3,0,1,1,1
"944",61171,3,2,0,1,1
"945",61175,3,0,1,1,1
"946",61176,3,2,0,1,1
"947",61179,4,1,1,1,1
"948",61180,3,1,0,1,1
"949",61181,2,0,0,1,1
"950",61186,4,2,1,1,1
"951",61190,3,0,1,1,1
"952",61191,3,0,1,1,1
"953",61192,4,1,1,1,1
"954",61198,0,0,0,0,0
"955",61200,0,0,0,0,0
"956",61206,3,2,0,1,1
"957",61208,3,0,1,1,1
"958",61210,4,2,1,1,1
"959",61212,1,0,0,1,0
"960",61214,4,1,1,1,1
"961",61215,4,2,1,1,1
"962",61216,1,0,0,0,1
"963",61217,4,2,1,1,1
"964",61218,2,0,0,1,1
"965",61219,3,0,1,1,1
"966",61220,1,0,0,0,1
"967",61224,2,1,0,0,1
"968",61227,3,0,1,1,1
"969",61235,3,0,1,1,1
"970",61240,3,0,1,1,1
"971",61242,4,1,1,1,1
"972",61243,3,1,0,1,1
"973",61246,3,0,1,1,1
"974",61247,4,1,1,1,1
"975",61249,4,1,1,1,1
"976",61253,2,1,0,0,1
"977",61254,4,1,1,1,1
"978",61255,4,2,1,1,1
"979",61256,4,2,1,1,2
"980",61257,3,2,0,1,1
"981",61260,3,0,1,1,1
"982",61261,3,1,0,1,1
"983",61262,4,3,1,1,1
"984",61264,4,2,1,1,1
"985",61265,4,1,1,1,1
"986",61269,3,0,1,1,1
"987",61271,1,0,0,0,1
"988",61274,4,1,1,1,1
"989",61275,4,2,1,1,1
"990",61278,4,1,1,1,1
"991",61279,2,0,0,1,1
"992",61282,0,0,0,0,0
"993",61283,3,0,1,1,1
"994",61285,3,1,0,1,1
"995",61286,4,2,1,1,1
"996",61290,4,3,1,1,1
"997",61295,3,0,1,1,1
"998",61296,0,0,0,0,0
"999",61297,0,0,0,0,0
"1000",61301,2,0,0,1,1
"1001",61303,3,2,0,1,1
"1002",61308,2,0,0,1,1
"1003",61309,3,1,0,1,1
"1004",61311,1,0,0,0,1
"1005",61312,1,0,0,1,0
"1006",61315,2,1,0,1,0
"1007",61320,2,0,0,1,1
"1008",61321,4,2,1,1,1
"1009",61325,4,1,1,1,1
"1010",61328,4,1,1,1,1
"1011",61330,1,0,1,0,0
"1012",61331,2,0,0,1,1
"1013",61338,3,2,0,1,1
"1014",61342,3,1,0,1,1
"1015",61343,4,1,1,1,1
"1016",61345,3,0,1,1,1
"1017",61346,3,0,1,1,1
"1018",61347,4,1,1,1,1
"1019",61348,4,1,1,1,1
"1020",61349,3,0,1,1,1
"1021",61350,3,0,1,1,1
"1022",61351,3,0,1,1,1
"1023",61352,4,2,1,1,1
"1024",61359,1,0,0,0,1
"1025",61360,1,0,0,0,1
"1026",61361,4,1,1,1,1
"1027",61362,2,0,0,1,1
"1028",61363,3,2,0,1,1
"1029",61370,4,1,1,1,1
"1030",61374,3,2,0,1,1
"1031",61375,2,1,0,1,0
"1032",61381,4,3,1,1,1
"1033",61385,3,0,1,1,1
"1034",61386,3,0,1,1,1
"1035",61388,1,0,0,1,0
"1036",61391,3,0,1,1,1
"1037",61392,4,1,1,1,1
"1038",61395,2,0,0,1,1
"1039",61396,3,0,1,1,1
"1040",61398,4,2,1,1,1
"1041",61399,4,1,1,1,1
"1042",61400,3,2,0,1,1
"1043",61401,2,0,0,1,1
"1044",61402,3,1,0,1,2
"1045",61403,1,0,0,0,1
"1046",61404,4,3,1,1,1
"1047",61405,2,0,0,1,1
"1048",61407,3,1,0,1,2
"1049",61408,4,2,1,1,2
"1050",61409,2,0,0,1,1
"1051",61410,2,0,1,0,1
"1052",61412,3,0,1,1,1
"1053",61413,2,0,1,1,0
"1054",61414,3,3,0,1,1
"1055",61415,3,2,0,1,1
"1056",61416,3,1,0,1,1
"1057",61417,2,0,1,1,0
"1058",61420,1,0,0,0,1
"1059",61421,2,1,0,1,0
"1060",61422,4,1,1,1,1
"1061",61423,4,1,1,1,1
"1062",61427,2,0,0,1,1
"1063",61428,2,0,0,1,1
"1064",61429,4,1,1,1,1
"1065",61431,2,2,0,1,0
"1066",61438,4,1,1,1,1
"1067",61439,3,0,1,1,1
"1068",61441,3,2,0,1,1
"1069",61442,3,0,1,1,1
"1070",61443,4,2,1,1,1
"1071",61444,2,0,1,1,0
"1072",61445,4,1,1,1,1
"1073",61447,3,0,1,1,1
"1074",61448,1,0,0,1,0
"1075",61450,4,2,1,1,1
"1076",61451,2,0,0,1,2
"1077",61452,4,2,1,1,1
"1078",61454,3,1,0,1,1
"1079",61455,1,0,0,0,1
"1080",61456,4,3,1,1,1
"1081",61457,4,2,1,1,1
"1082",61461,4,1,1,1,2
"1083",61465,4,2,1,1,1
"1084",61469,1,0,1,0,0
"1085",61472,3,1,0,1,1
"1086",61473,4,1,1,1,1
"1087",61474,2,0,0,1,1
"1088",61475,1,0,0,1,0
"1089",61476,0,0,0,0,0
"1090",61478,0,0,0,0,0
"1091",61479,4,3,1,1,1
"1092",61480,2,0,0,1,1
"1093",61481,2,0,0,1,1
"1094",61482,4,1,1,1,1
"1095",61483,3,2,0,1,1
"1096",61484,1,0,0,1,0
"1097",61485,3,1,0,1,1
"1098",61486,4,1,1,1,1
"1099",61487,2,0,0,1,1
"1100",61489,1,0,0,1,0
"1101",61490,3,1,0,1,2
"1102",61492,4,1,1,1,1
"1103",61493,1,0,0,1,0
"1104",61495,4,2,1,1,1
"1105",61496,1,0,0,1,0
"1106",61497,2,0,0,1,1
"1107",61499,3,0,1,1,1
"1108",61500,4,2,1,1,1
"1109",61501,2,0,0,1,1
"1110",61503,4,1,1,1,2
"1111",61506,4,1,1,1,1
"1112",61511,2,0,0,1,1
"1113",61512,2,0,0,1,1
"1114",61513,3,2,0,1,1
"1115",61515,1,0,0,1,0
"1116",61516,3,0,1,1,1
"1117",61517,3,0,1,1,1
"1118",61521,0,0,0,0,0
"1119",61522,3,1,0,1,1
"1120",61523,2,0,0,1,1
"1121",61524,1,0,0,0,1
"1122",61527,3,1,0,1,2
"1123",61528,3,1,0,1,1
"1124",61529,3,0,1,1,1
"1125",61530,3,1,0,1,1
"1126",61533,3,0,1,1,1
"1127",61534,3,0,1,1,1
"1128",61535,4,1,1,1,1
"1129",61538,2,1,0,1,0
"1130",61539,4,1,1,1,1
"1131",61540,3,1,0,1,1
"1132",61542,3,0,1,1,1
"1133",61544,4,1,1,1,1
"1134",61546,3,1,0,1,1
"1135",61547,1,0,0,1,0
"1136",61548,3,1,0,1,1
"1137",61549,1,0,0,1,0
"1138",61551,3,0,1,1,1
"1139",61554,1,0,0,1,0
"1140",61555,3,0,1,1,1
"1141",61556,4,2,1,1,2
"1142",61557,3,0,1,1,1
"1143",61560,3,0,1,1,1
"1144",61561,4,2,1,1,1
"1145",61562,2,1,0,1,0
"1146",61563,3,2,0,1,1
"1147",61565,2,1,0,1,0
"1148",61566,2,0,0,1,1
"1149",61569,3,3,0,1,1
"1150",61571,3,2,0,1,2
"1151",61572,4,2,1,1,1
"1152",61573,4,1,1,1,1
"1153",61575,4,1,1,1,1
"1154",61584,3,1,0,1,1
"1155",61587,3,2,0,1,1
"1156",61588,3,0,1,1,2
"1157",61589,3,1,0,1,1
"1158",61590,3,0,1,1,1
"1159",61594,2,2,0,1,0
"1160",61600,4,2,1,1,1
"1161",61602,2,0,1,1,0
"1162",61606,3,3,0,1,1
"1163",61608,3,0,1,1,1
"1164",61609,3,0,1,1,1
"1165",61610,4,1,1,1,1
"1166",61611,4,1,1,1,2
"1167",61612,4,1,1,1,1
"1168",61613,4,1,1,1,1
"1169",61616,4,1,1,1,1
"1170",61618,4,2,1,1,1
"1171",61622,3,0,1,1,1
"1172",61626,3,0,1,1,1
"1173",61627,2,1,0,1,0
"1174",61629,2,0,0,1,1
"1175",61631,1,0,0,1,0
"1176",61634,2,0,0,1,2
"1177",61635,4,1,1,1,1
"1178",61637,2,0,0,1,1
"1179",61638,4,1,1,1,1
"1180",61639,0,0,0,0,0
"1181",61640,3,1,0,1,1
"1182",61643,4,1,1,1,1
"1183",61649,4,2,1,1,1
"1184",61650,3,0,1,1,1
"1185",61651,3,0,1,1,1
"1186",61653,4,1,1,1,1
"1187",61654,1,0,0,1,0
"1188",61655,3,0,1,1,1
"1189",61656,4,1,1,1,1
"1190",61657,0,0,0,0,0
"1191",61658,3,0,1,1,1
"1192",61659,3,3,0,1,1
"1193",61660,0,0,0,0,0
"1194",61661,3,1,1,1,0
"1195",61662,2,0,0,1,1
"1196",61665,3,2,0,1,1
"1197",61666,0,0,0,0,0
"1198",61668,3,0,1,1,1
"1199",61669,2,0,0,1,1
"1200",61671,0,0,0,0,0
"1201",61674,4,2,1,1,1
"1202",61675,3,0,1,1,1
"1203",61676,3,0,1,1,1
"1204",61677,3,0,1,1,1
"1205",61678,4,2,1,1,1
"1206",61679,1,0,0,0,1
"1207",61680,4,1,1,1,1
"1208",61681,3,1,0,1,1
"1209",61682,1,0,1,0,0
"1210",61684,3,0,1,1,1
"1211",61685,3,0,1,1,1
"1212",61686,2,0,0,1,1
"1213",61687,4,2,1,1,1
"1214",61688,4,2,1,1,1
"1215",61689,2,1,0,1,0
"1216",61693,4,1,1,1,1
"1217",61697,2,0,0,1,1
"1218",61701,4,1,1,1,1
"1219",61702,3,0,1,1,1
"1220",61703,3,0,1,1,1
"1221",61708,4,2,1,1,1
"1222",61709,4,1,1,1,1
"1223",61710,2,0,0,1,1
"1224",61711,3,0,1,1,1
"1225",61714,3,2,0,1,1
"1226",61715,3,1,0,1,1
"1227",61716,2,1,0,1,0
"1228",61718,4,3,1,1,1
"1229",61719,4,1,1,1,1
"1230",61722,1,0,0,1,0
"1231",61723,2,1,0,1,0
"1232",61724,2,0,0,1,1
"1233",61726,2,0,0,1,1
"1234",61728,3,0,1,1,1
"1235",61730,4,2,1,1,1
"1236",61731,1,0,0,1,0
"1237",61732,2,0,1,0,1
"1238",61738,2,0,0,1,1
"1239",61739,4,1,1,1,1
"1240",61740,2,0,1,1,0
"1241",61745,3,0,1,1,1
"1242",61746,3,1,0,1,1
"1243",61747,2,0,0,1,1
"1244",61748,4,2,1,1,1
"1245",61749,3,1,0,1,1
"1246",61750,4,1,1,1,1
"1247",61752,2,0,1,0,1
"1248",61753,4,1,1,1,1
"1249",61765,4,1,1,1,1
"1250",61768,3,1,0,1,1
"1251",61778,4,1,1,1,1
"1252",61779,1,0,0,1,0
"1253",61780,3,0,1,1,1
"1254",61781,4,1,1,1,1
"1255",61782,3,0,1,1,1
"1256",61789,3,1,0,1,1
"1257",61790,3,0,1,1,1
"1258",61792,4,1,1,1,1
"1259",61794,4,1,1,1,1
"1260",61795,2,0,0,1,1
"1261",61797,4,1,1,1,1
"1262",61800,1,1,0,0,0
"1263",61813,3,2,0,1,1
"1264",61814,3,0,1,1,1
"1265",61816,3,3,0,1,1
"1266",61817,0,0,0,0,0
"1267",61818,2,0,0,1,1
"1268",61819,3,3,1,1,0
"1269",61825,1,0,0,0,1
"1270",61828,4,2,1,1,1
"1271",61830,1,0,0,0,1
"1272",61831,3,0,1,1,1
"1273",61839,1,0,0,1,0
"1274",61840,4,1,1,1,1
"1275",61842,0,0,0,0,0
"1276",61843,3,1,1,1,0
"1277",61844,4,1,1,1,2
"1278",61848,3,1,0,1,1
"1279",61849,3,0,1,1,1
"1280",61858,0,0,0,0,0
"1281",61859,2,0,1,1,0
"1282",61860,3,0,1,1,1
"1283",61865,4,1,1,1,1
"1284",61867,3,1,1,1,0
"1285",61869,4,1,1,1,2
"1286",61870,3,0,1,1,1
"1287",61871,3,0,1,1,1
"1288",61873,4,1,1,1,1
"1289",61877,3,0,1,1,1
"1290",61879,0,0,0,0,0
"1291",61881,4,1,1,1,1
"1292",61882,3,2,0,1,1
"1293",61887,3,1,0,1,1
"1294",61888,3,0,1,1,1
"1295",61889,4,1,1,1,1
"1296",61890,1,0,0,1,0
"1297",61891,2,0,0,1,1
"1298",61892,4,1,1,1,1
"1299",61893,1,0,0,0,1
"1300",61894,2,0,0,1,1
"1301",61896,4,1,1,1,1
"1302",61897,4,1,1,1,1
"1303",61900,4,2,1,1,1
"1304",61902,0,0,0,0,0
"1305",61903,3,0,1,1,1
"1306",61905,4,2,1,1,1
"1307",61906,3,1,0,1,1
"1308",61908,2,0,0,1,1
"1309",61910,0,0,0,0,0
"1310",61911,3,0,1,1,1
"1311",61912,2,1,0,0,1
"1312",61913,2,0,0,1,1
"1313",61914,4,1,1,1,1
"1314",61916,0,0,0,0,0
"1315",61919,4,1,1,1,1
"1316",61922,4,1,1,1,1
"1317",61923,3,2,0,1,1
"1318",61924,3,0,1,1,1
"1319",61925,4,1,1,1,1
"1320",61926,3,0,1,1,1
"1321",61927,3,0,1,1,1
"1322",61929,0,0,0,0,0
"1323",61930,3,0,1,1,1
"1324",61931,1,0,0,0,1
"1325",61932,3,0,1,1,1
"1326",61933,4,1,1,1,1
"1327",61934,2,0,0,1,1
"1328",61935,2,0,0,1,1
"1329",61936,3,1,0,1,1
"1330",61937,4,1,1,1,1
"1331",61943,4,1,1,1,1
"1332",61944,4,2,1,1,1
"1333",61945,2,0,0,1,1
"1334",61946,2,0,1,0,1
"1335",61950,3,0,1,1,1
"1336",61951,4,1,1,1,1
"1337",61952,4,3,1,1,1
"1338",61953,3,2,0,1,1
"1339",61954,3,0,1,1,1
"1340",61955,2,0,0,1,1
"1341",61959,1,0,0,0,1
"1342",61960,0,0,0,0,0
"1343",61963,3,0,1,1,1
"1344",61966,2,0,0,1,1
"1345",61967,2,0,0,1,1
"1346",61968,3,1,0,1,1
"1347",61969,3,0,1,1,1
"1348",61973,2,0,0,1,1
"1349",61979,1,0,0,0,1
"1350",61980,2,0,0,1,1
"1351",61981,3,1,0,1,1
"1352",61983,3,1,0,1,1
"1353",61985,4,2,1,1,1
"1354",61986,4,3,1,1,1
"1355",61987,3,0,1,1,1
"1356",61988,4,1,1,1,1
"1357",61990,1,0,0,0,1
"1358",61991,1,0,0,0,1
"1359",61992,2,1,0,1,0
"1360",61993,0,0,0,0,0
"1361",61994,4,2,1,1,1
"1362",61995,3,0,1,1,1
"1363",61996,1,0,0,0,1
"1364",61997,3,0,1,1,1
"1365",61998,0,0,0,0,0
"1366",61999,1,0,0,1,0
"1367",62007,3,0,1,1,1
"1368",62008,4,1,1,1,2
"1369",62014,4,1,1,1,1
"1370",62016,4,1,1,1,1
"1371",62030,0,0,0,0,0
"1372",62031,1,0,0,1,0
"1373",62032,4,1,1,1,1
"1374",62033,3,0,1,1,1
"1375",62034,3,0,1,1,1
"1376",62035,2,0,1,0,1
"1377",62040,2,0,1,0,1
"1378",62041,3,0,1,1,1
"1379",62042,3,2,0,1,1
"1380",62043,3,1,1,0,1
"1381",62044,4,1,1,1,1
"1382",62047,3,0,1,1,1
"1383",62048,2,0,0,1,1
"1384",62049,2,0,0,1,1
"1385",62051,3,0,1,1,1
"1386",62054,3,0,1,1,1
"1387",62058,2,0,0,1,1
"1388",62060,2,0,1,1,0
"1389",62061,2,0,0,1,1
"1390",62064,4,1,1,1,1
"1391",62065,3,0,1,1,1
"1392",62067,2,1,0,1,0
"1393",62069,0,0,0,0,0
"1394",62070,1,0,0,1,0
"1395",62071,3,2,0,1,1
"1396",62072,3,1,0,1,1
"1397",62075,4,2,1,1,1
"1398",62077,4,1,1,1,1
"1399",62078,4,3,1,1,1
"1400",62080,3,0,1,1,1
"1401",62081,2,0,0,1,1
"1402",62084,3,1,0,1,1
"1403",62085,4,2,1,1,1
"1404",62087,4,2,1,1,1
"1405",62088,2,0,0,1,1
"1406",62089,3,0,1,1,1
"1407",62090,2,0,0,1,1
"1408",62091,3,0,1,1,1
"1409",62092,3,1,0,1,1
"1410",62093,4,2,1,1,1
"1411",62094,3,1,0,1,1
"1412",62095,1,0,0,1,0
"1413",62096,4,1,1,1,1
"1414",62097,4,1,1,1,1
"1415",62098,3,2,0,1,1
"1416",62099,2,1,0,0,1
"1417",62101,2,0,0,1,1
"1418",62110,4,1,1,1,1
"1419",62112,1,0,0,0,1
"1420",62113,2,0,0,1,1
"1421",62114,1,0,0,1,0
"1422",62115,4,2,1,1,1
"1423",62117,3,0,1,1,1
"1424",62119,2,0,0,1,1
"1425",62121,3,0,1,1,1
"1426",62122,2,0,0,1,1
"1427",62123,3,0,1,1,1
"1428",62124,4,1,1,1,1
"1429",62125,3,0,1,1,1
"1430",62126,3,0,1,1,2
"1431",62127,2,0,0,1,1
"1432",62132,4,1,1,1,1
"1433",62133,2,0,0,1,1
"1434",62134,3,0,1,1,1
"1435",62135,3,3,0,1,1
"1436",62136,1,0,0,1,0
"1437",62137,4,1,1,1,1
"1438",62138,3,1,0,1,1
"1439",62144,4,1,1,1,1
"1440",62146,4,2,1,1,1
"1441",62147,3,1,0,1,1
"1442",62148,0,0,0,0,0
"1443",62149,4,2,1,1,1
"1444",62150,4,1,1,1,1
"1445",62153,2,0,0,1,1
"1446",62156,4,1,1,1,1
"1447",62158,2,0,0,1,1
"1448",62163,3,0,1,1,1
"1449",62165,0,0,0,0,0
"1450",62166,3,1,0,1,1
"1451",62168,4,1,1,1,1
"1452",62169,3,0,1,1,1
"1453",62173,3,0,1,1,1
"1454",62177,2,0,0,1,1
"1455",62178,2,0,0,1,1
"1456",62179,3,0,1,1,1
"1457",62181,2,0,0,1,1
"1458",62184,3,0,1,1,1
"1459",62186,2,0,1,1,0
"1460",62188,2,0,0,1,2
"1461",62189,4,1,1,1,1
"1462",62196,4,1,1,1,1
"1463",62197,0,0,0,0,0
"1464",62198,0,0,0,0,0
"1465",62199,4,1,1,1,1
"1466",62202,2,0,0,1,1
"1467",62204,3,0,1,1,1
"1468",62205,3,0,1,1,1
"1469",62208,1,0,0,0,1
"1470",62209,4,2,1,1,1
"1471",62211,4,1,1,1,1
"1472",62212,2,0,0,1,2
"1473",62213,2,0,0,1,1
"1474",62214,4,1,1,1,1
"1475",62219,2,0,0,1,1
"1476",62220,2,0,0,1,1
"1477",62221,0,0,0,0,0
"1478",62222,0,0,0,0,0
"1479",62228,2,0,0,1,1
"1480",62230,3,0,1,1,1
"1481",62232,2,0,0,1,1
"1482",62235,2,0,0,1,1
"1483",62237,3,1,1,1,0
"1484",62244,2,0,1,1,0
"1485",62248,2,0,1,0,1
"1486",62249,0,0,0,0,0
"1487",62250,1,0,0,0,1
"1488",62251,4,2,1,1,1
"1489",62252,2,0,0,1,1
"1490",62253,3,0,1,1,1
"1491",62254,2,2,0,1,0
"1492",62255,4,1,1,1,1
"1493",62258,4,1,1,1,1
"1494",62262,2,1,0,1,0
"1495",62263,1,0,0,1,0
"1496",62269,0,0,0,0,0
"1497",62271,3,1,0,1,1
"1498",62274,0,0,0,0,0
"1499",62275,3,0,1,1,1
"1500",62276,4,3,1,1,1
"1501",62277,4,2,1,1,1
"1502",62279,2,0,0,1,1
"1503",62280,2,0,0,1,1
"1504",62282,0,0,0,0,0
"1505",62283,3,0,1,1,1
"1506",62284,3,0,1,1,1
"1507",62285,1,0,0,1,0
"1508",62286,2,0,0,1,1
"1509",62287,0,0,0,0,0
"1510",62288,3,2,0,1,1
"1511",62289,2,3,0,1,0
"1512",62290,3,0,1,1,1
"1513",62291,4,1,1,1,1
"1514",62292,3,1,0,1,1
"1515",62293,3,0,1,1,1
"1516",62294,4,1,1,1,1
"1517",62295,1,0,0,1,0
"1518",62296,3,1,0,1,1
"1519",62299,1,0,0,0,1
"1520",62301,2,0,0,1,1
"1521",62304,3,1,0,1,1
"1522",62305,4,2,1,1,1
"1523",62306,3,0,1,1,1
"1524",62307,2,0,1,1,0
"1525",62313,3,2,1,1,0
"1526",62314,4,2,1,1,1
"1527",62320,2,0,0,1,1
"1528",62321,0,0,0,0,0
"1529",62323,3,1,0,1,1
"1530",62327,0,0,0,0,0
"1531",62331,4,1,1,1,1
"1532",62334,2,1,0,1,0
"1533",62335,0,0,0,0,0
"1534",62336,3,1,0,1,1
"1535",62337,1,0,0,1,0
"1536",62339,2,0,1,0,1
"1537",62349,2,0,1,1,0
"1538",62351,2,0,0,1,1
"1539",62355,2,0,0,1,1
"1540",62365,4,2,1,1,1
"1541",62380,3,0,1,1,1
"1542",62381,0,0,0,0,0
"1543",62390,4,1,1,1,1
"1544",62392,4,2,1,1,1
"1545",62394,4,2,1,1,1
"1546",62403,3,0,1,1,1
"1547",62409,3,0,1,1,1
"1548",62456,4,1,1,1,1
"1549",62465,2,0,0,1,1
